"CHANGENUMBER","DATE","DOCUMENTNUMBER","OFFICE","TITLE"
"","2011-11-17T05:00:00Z","23.1311-1C","ACE-100","Installation of Electronic Display in Part 23 Airplanes"
"","2016-12-09T05:00:00Z","20-188","AIR-1","Compatibility of Changes to Type Design Installed on Aircraft"
"","2015-02-15T05:00:00Z","21-54","AIR-110","Experimental Airworthiness Certification of Certain Former Military Aircraft"
"","2014-11-21T05:00:00Z","120-61B","AFS-200","In-flight Radiation Exposure"
"","2016-06-24T05:00:00Z","25.975-1","ANM-112","Fuel Vent Fire Protection"
"","2016-04-13T05:00:00Z","33.90-1A","ANE-111","Initial Maintenance Inspection  (IMI), 14 CFR 33.90, Test for Turbine Engines"
"","2015-09-24T05:00:00Z","120-87C","AFS-200","Use of Child Restraint Systems on Aircraft"
"","2017-02-15T05:00:00Z","43-6D","AFS-300","Altitude Reporting Equipment and Transponder System Maintenance and Inspection Practices"
"","2016-07-22T05:00:00Z","91-89","AFS-800","Mitsubishi MU-2B Training Program"
"0","2017-12-06T05:00:00Z","150/5360-14A","AAS-100","Access to Airports by Individuals with Disabilities"
"","2022-10-07T05:00:00Z","00-72","AIR-600","Best Practices for Airborne Electronic Hardware Design Assurance Using EUROCAE ED-80( ) and RTCA DO-254( )"
"","2017-10-27T05:00:00Z","120-116","AFS-800","Operations and Airworthiness Considerations for U.S.-Based Leasing Companies Operating U.S.-Registered Large Transport Category Airplanes Which Part 125 Would Apply"
"0","2018-06-29T05:00:00Z","20-146A","AIR-600","Methodology for Dynamic Seat Certification by Analysis for Use in Parts 23, 25, 27, and 29 Airplanes and Rotorcraft"
"","2016-08-18T05:00:00Z","65-25F","AFS-300","William (Bill) O’Brien Aviation Maintenance Technician Awards Program"
"","2018-04-30T05:00:00Z","61-98D","AFS-800","Currency Requirements and Guidance for the Flight Review and Instrument Proficiency Check"
"","2016-06-22T05:00:00Z","120-78A","AFS-300","Electronic Signatures, Electronic Recordkeeping, and Electronic Manuals"
"","2016-01-04T05:00:00Z","120-106A","AFS-300","Scope and Recommended Content for a Contractual Agreement Between an Air Carrier and a Maintenance Provider"
"","2016-12-06T05:00:00Z","20-167A","AIR-130","Airworthiness Approval of Enhanced Vision System, Synthetic Vision System, Combined Vision System, and Enhanced Flight Vision System Equipment"
"","2017-04-11T05:00:00Z","120-72A","AFS-300","Maintenance Human Factors Training"
"","2017-10-12T05:00:00Z","36-4D","AEE-100","Noise Standards:  Aircraft Type and Airworthiness Certification"
"","2016-02-03T05:00:00Z","25.857-1","ANM-112","Class B and F Cargo Compartments"
"","2016-02-03T05:00:00Z","25.851-1","ANM-112","Built-in Fire Extinguishing/Suppression Systems in Class C and Class F Cargo Compartments"
"","2018-09-24T05:00:00Z","20-53C","AIR-600","Protection of Aircraft Fuel Systems Against Vapor Ignition Caused by Lightning"
"","2018-12-14T05:00:00Z","8260-32F","AFS-300","United States Air Force Terminal Instrument Procedures Service"
"","2015-12-09T05:00:00Z","91-63D","AJV-1","Temporary Flight Restrictions (TFR) and Flight Limitations"
"","2017-09-12T05:00:00Z","141-1B","AFS-800","Part 141 Pilot Schools, Application, Certification, and Compliance"
"1","2016-08-17T05:00:00Z","43-210A","AFS-300","Standardized Procedures for Obtaining Approval of Data Used in the Performance of Major Repairs and Major Alterations - Change 1"
"","2014-02-12T05:00:00Z","00-60B","AFS-800","North American Free Trade Agreement and Specialty Air Services Operations"
"","2017-12-21T05:00:00Z","90-80C","AFS-400","Approval of Offshore Standard Approach Procedures, Airborne Radar Approaches, and Helicopter En Route Descent Areas"
"","2017-12-20T05:00:00Z","120-117","AAM-800","Voluntary Disclosure Reporting Program for Apparent Violations of the Drug and Alcohol Testing Regulations"
"","2022-09-26T05:00:00Z","187-1R","AFS-50","Flight Standards Service Schedule of Charges Outside the United States"
"","2021-07-27T05:00:00Z","450.108-1","AST-1","Flight Abort Rule Development"
"","2021-09-01T05:00:00Z","120-121","AFS-200","Safety Risk Management Involving Items in Aircraft Cargo Compartments"
"0","2021-12-16T05:00:00Z","150/5345-26E","AAS-100","FAA Specification for L-823 Plug and Receptacle, Cable Connectors"
"0","2023-01-05T05:00:00Z","150/5390-2D","AAS-100","Heliport Design"
"","2022-11-28T05:00:00Z","25.353-1","AIR-600","Rudder Control Reversal Conditions"
"","2015-12-21T05:00:00Z","20-149B","AIR-100","Installation Guidance for Domestic Flight Information Service- Broadcast"
"","2021-08-23T05:00:00Z","119-2A","AFS-300","Operational Use of Radio Frequency Identification Systems Onboard Aircraft"
"","2022-01-25T05:00:00Z","120-85B","AFS-200","Carriage of Cargo"
"0","2021-04-13T05:00:00Z","150/5220-23A","AAS-100","Frangible Connections"
"","2023-04-03T05:00:00Z","33.76-1B","AIR-624","Bird Ingestion Certification Standards"
"0","1978-07-19T05:00:00Z","20-104","AIR-120","Revised Powerplant Engineering Report No. 3A Standard Fire Test Apparatus and Procedure (for Flexible Hose Assemblies)"
"0","2004-07-08T05:00:00Z","20-65A","AIR-200","U.S. AIRWORTHINESS CERTIFICATES AND AUTHORIZATIONS FOR OPERATION OF DOMESTIC AND FOREIGN AIRCRAFT"
"1","2005-04-18T05:00:00Z","20-97B","AFS-300","Aircraft Tire Maintenance and Operational Practices with Change 1"
"0","1992-12-21T05:00:00Z","21.17-3","AIR-110","Type Certification of Very Light Airplanes Under FAR 21.17(b)"
"0","1970-05-14T05:00:00Z","20-69","AIR-120","Conspicuity of Aircraft Instrument Malfunction Indicators"
"0","1992-10-15T05:00:00Z","91-62A","AIR-120","Use of Child Seats in Aircraft"
"0","2007-01-19T05:00:00Z","20-157","AIR-120","How to Prepare Reliability Assessment Plans for Aircraft Systems and Equipment"
"0","1984-08-24T05:00:00Z","21-21","ACE-100","Use of Automobile Gasoline in Agricultural Aircraft"
"0","1997-03-25T05:00:00Z","20-128A","ANM-114","Design Considerations for Minimizing Hazards caused by Uncontained Turbine Engine and Auxiliary Power Unit Rotor Failure"
"0","2007-04-06T05:00:00Z","150/5345-45C","AAS-100","Low-Impact Resistant (LIR) Structures"
"0","2006-08-16T05:00:00Z","20-73A","AIR-120","Aircraft Ice Protection"
"0","1985-09-30T05:00:00Z","20-88A","ANM-110","Guidelines on the Marking of Aircraft"
"0","1982-12-03T05:00:00Z","20-117","AFS-200","Hazards Following Ground Deicing and Ground Operations in Conditions Conducive to Aircraft Icing"
"0","2004-07-08T05:00:00Z","150/5210-6D","AAS-100","Aircraft Fire Extinguishing Agents"
"0","1997-12-01T05:00:00Z","21.25-1","ACE-111","Issuance of Type Certificate: Restricted Category Agricultural Airplanes"
"0","2007-01-04T05:00:00Z","150/5190-6","ACO-100"," Exclusive Rights at Federally Obligated Airports"
"0","1984-12-20T05:00:00Z","20-123","AFS-330","Avoiding or Minimizing Encounters with Aircraft Equipped with Depleted Uranium Balance Weights during Accident Investigations"
"0","2007-04-20T05:00:00Z","437.55-1","AST-1","Hazard Analysis for the Launch or Reentry of a Reusable Suborbital Rocket Under an Experimental Permit"
"0","2000-06-14T05:00:00Z","23-18","ACE-100","Installation of Terrain Awareness and Warning System (TAWS) Approved for Part 23 Airplanes"
"0","2004-11-17T05:00:00Z","21-23B","AIR-40","Airworthiness Certification of Civil Aircraft, Engine, Propellers, and Related Products Imported to the United States"
"0","1993-03-29T05:00:00Z","20-131A","ANM-110","Airworthiness Approval of Traffic Alert and Collision Avoidance Systems (TCAS II) and Mode S Transponders"
"0","1993-06-04T05:00:00Z","21-34","AIR-120","Shoulder Harness-Safety Belt Installations"
"0","2004-11-10T05:00:00Z","150/5070-7","APP-400","The Airport System Planning Process"
"0","1977-06-29T05:00:00Z","91-48","AFS-820","Acrobatics-Precision Flying with a Purpose"
"0","1987-06-04T05:00:00Z","91-66","AFS-840","Noise Abatement for Helicopters"
"0","1992-02-25T05:00:00Z","91-68","AFS-820","Pilot Qualification and Operation of all Surplus Military Turbine-Powered Airplanes"
"0","1987-03-19T05:00:00Z","121-28","ACS-120","Preparation and Loading of Magnetron Magnetic Materials for Air Transportation"
"0","1977-09-21T05:00:00Z","20-100","AIR-120","General Guidelines for Measuring Fire-Extinguishing Agent Concentrations in Powerplant Compartments"
"1","1992-09-25T05:00:00Z","21.17-1A","ACE-100","Type Certification-Airships"
"0","2005-09-29T05:00:00Z","23-13A","ACE-100","Fatigue, Fail-Safe, and Damage Tolerance Evaluation of Metallic Structure for Normal, Utility, Acrobatic, and Commuter Category Airplanes"
"0","1987-03-09T05:00:00Z","20-118A","ACE-100","Emergency Evacuation Demonstration"
"0","2007-04-30T05:00:00Z","23-19A","ACE-100","Airframe Guide for Certification of Part 23 Airplanes"
"0","1985-06-20T05:00:00Z","21-22","AIR-120","Injury Criteria for Human Exposure to Impact"
"0","1996-06-13T05:00:00Z","91-71","AFS-820","Operation of Hot Air Balloons with Airborne Heaters"
"0","1987-11-02T05:00:00Z","25-12","ANM-110","Airworthiness Criteria for the Approval of Airborne Windshear Warning Systems in Transport Category"
"0","1966-01-05T05:00:00Z","121-6","AIR-110","Portable Battery-Powered Megaphones"
"0","1994-01-06T05:00:00Z","25-18","ANM-114","Transport Category Airplanes Modified for Cargo Service"
"0","2006-01-12T05:00:00Z","121-33B","AFS-220","Emergency Medical Equipment"
"0","1998-06-15T05:00:00Z","20-105B","AFS-340","Reciprocating Engine Power-Loss Accident Prevention and Trend Monitoring"
"0","2002-12-31T05:00:00Z","121-36","AFS-200","Management of Passengers who may be Sensitive to Allergens"
"0","2005-11-21T05:00:00Z","121-32A","AFS-220","Dispatch Resource Management Training"
"0","1980-10-16T05:00:00Z","43-2B","AFS-343","Minimum Barometry for Calibration and Test of Atmospheric Pressure Instruments"
"2","2006-07-10T05:00:00Z","145-4A","AFS-309","Inspection, Retread, Repair, and Alterations of Aircraft Tires - Including Change 2"
"0","1977-09-16T05:00:00Z","121-25","AFS-224","Additional Weather Information: Domestic and Flag Air Carriers"
"0","1986-02-12T05:00:00Z","36-2C","AEE-110","Measured or Estimated (Uncertificated) Airplane Noise Levels"
"0","1994-09-30T05:00:00Z","121-31","AFS-220","Flight Crew Sleeping Quarters and Rest Facilities"
"0","2004-09-28T05:00:00Z","150/5020-2","AEE-100","Guidance on the Balanced Approach to Noise Management"
"0","2003-08-13T05:00:00Z","33.28-2","ANE-110","Guidance Material for 14 CFR 33.28, Reciprocating Engine, Electrical and Electronic Engine Control Systems"
"0","1999-08-27T05:00:00Z","33.4-1","ANE-110","Instructions for Continued Airworthiness"
"0","1993-01-08T05:00:00Z","25.773-1","ANM-111","Pilot Compartment View Design Considerations"
"0","2003-04-01T05:00:00Z","61-134","AFS-800","General Aviation Controlled Flight into Terrain Awareness"
"0","1987-01-30T05:00:00Z","65-2D","AFS-300","Airframe and Powerplant Mechanics Certification Guide"
"0","2007-09-20T05:00:00Z","150/5345-13B","AAS-100","Specification for L-841 Auxiliary Relay Cabinet Assembly for Pilot Control of Airport Lighting Circuits"
"0","2006-09-29T05:00:00Z","150/5370-13A","AAS-100","Off-Peak Construction of Airport Pavements Using Hot-Mix Asphalt"
"0","1990-08-08T05:00:00Z","210-5B","ATM-400","Military Flying Activities"
"0","1981-02-13T05:00:00Z","170-6C","ASM-500","Use of Radionavigation Land Test Station and Signal Generators"
"0","1996-11-08T05:00:00Z","91-72","AFS-820","Waivers of Provisions of Title 14 of the Code of Federal Regulations Part 91"
"1","2005-12-12T05:00:00Z","20-154","AFS-300","Guide for Developing a Receiving Inspection System for Aircraft Parts and Material - Change 1"
"0","1986-08-04T05:00:00Z","91-65","AFS-820","Use of Shoulder Harness in Passenger Seats"
"0","2005-07-29T05:00:00Z","150/5070-6B","APP-400","Airport Master Plans"
"0","2003-06-25T05:00:00Z","91-75","AFS-400","Attitude Indicator"
"0","1998-11-13T05:00:00Z","00-59","AND-710","Integrating Helicopter and Tiltrotor Assets into Disaster Relief Planning"
"0","1991-04-05T05:00:00Z","25-16","ANM-111","Electrical Fault and Fire Prevention and Protection"
"0","1976-10-20T05:00:00Z","20-43C","AFS-340","Aircraft Fuel Control"
"0","2003-08-06T05:00:00Z","25.613-1","ANM-115","Material Strength Properties and Material Design Values"
"1","2006-06-23T05:00:00Z","120-54A","AFS-280","Advanced Qualification Program - (Change 1)"
"0","1992-07-30T05:00:00Z","170-14","ASM-500","Implementation of 50 kHz/Y Channels for ILS/VOR/DME"
"0","1981-05-30T05:00:00Z","135-9","AFS-220","FAR Part 135 Icing Limitations"
"0","1994-12-14T05:00:00Z","135-17","AFS-250","Pilot Guide - Small Aircraft Ground Deicing (pocket)"
"0","1993-03-17T05:00:00Z","25.703-1","ANM-111","Takeoff Configuration Warning Systems"
"0","1992-07-29T05:00:00Z","25.963-1","ANM-112","Fuel Tank Access Covers"
"0","2004-01-22T05:00:00Z","120-51E","AFS-210","Crew Resource Management Training"
"0","1972-01-18T05:00:00Z","20-29B","ANE-100","Use of Aircraft Fuel Anti-icing Additives"
"0","1994-08-25T05:00:00Z","90-67B","ATP-129","Light Signals from the Control Tower for Ground Vehicles, Equipment, and Personnel"
"0","2005-04-25T05:00:00Z","25.783-1A","ANM-115","Fuselage Doors and Hatches"
"0","1993-02-02T05:00:00Z","25.1523-1","ANM-111","Minimum Flightcrew"
"0","1994-09-12T05:00:00Z","120-62","AFS-210","Takeoff Safety Training Aid"
"0","1976-04-21T05:00:00Z","145-2","AFS-340","Repair Station Limited Ratings Beech 18 Series Aircraft"
"0","1979-09-24T05:00:00Z","135.169-1","AIR-110","Small Propeller-Driven Air Taxi Airplanes that meet Sections 135.169 (formerly 135.144)"
"0","1997-07-24T05:00:00Z","25.812-2","ANM-114","Floor Proximity Emergency Escape Path Marking Systems Incorporating Photoluminescent Elements"
"0","2001-05-25T05:00:00Z","25.723-1","ANM-110","Shock Absorption Tests"
"0","1990-06-18T05:00:00Z","33-5","ANE-110","Turbine Engine Rotor Blade Containment/Durability"
"0","2001-06-06T05:00:00Z","120-44A","AFS-203","Air Carrier First Aid Programs"
"0","1992-04-09T05:00:00Z","90-50D","ASR-520","Requirements for 760-Channel VHF Radio for Aeronautical Operations"
"0","2006-09-14T05:00:00Z","150/5345-5B","AAS-100","Circuit Selector Switch"
"0","1984-01-30T05:00:00Z","103-7","AFS-820","The Ultralight Vehicle"
"0","1966-02-08T05:00:00Z","20-47","ANM-100","Exterior Colored Band around Exits on Transport Airplanes"
"0","2000-09-29T05:00:00Z","25.335-1A","ANM-110","Design Dive Speed"
"0","1988-06-21T05:00:00Z","25.1309-1A","ANM-112","System Design and Analysis"
"1","2005-09-16T05:00:00Z","33.4-3","ANE-111","Instructions for Continued Airworthiness, Aircraft Engine High Intensity Radiated Fields (HIRF) and Lightning Protection Features - Including Change 1"
"0","2001-05-21T05:00:00Z","25.1435-1","ANM-110","Hydraulic System Certification Tests and Analysis"
"0","1977-02-04T05:00:00Z","91-46","AFS-350","Gyroscopic Instruments - Good Operating Practices"
"0","1976-01-01T05:00:00Z","65-15A","AFS-630","[Large AC] Airframe and Powerplant Mechanics Airframe Handbook"
"0","2001-03-08T05:00:00Z","33.4-2","ANE-110","Instructions for Continued Airworthiness: In-Service Inspection of Safety Critical Turbine Engine Parts at Piece-Part Opportunity"
"0","1989-05-22T05:00:00Z","25.812-1A","ANM-114","Floor Proximity Emergency Escape Path Marking"
"0","1980-10-31T05:00:00Z","120-39","AFS-331","Hazards of Waste Water Ice Accumulation Separating from Aircraft in Flight"
"0","1977-03-25T05:00:00Z","120-32","AFS-223","Air Transportation of Handicapped Persons"
"0","2007-09-20T05:00:00Z","150/5345-50B","AAS-100","Specification for Portable Runway and Taxiway Lights"
"0","1996-02-09T05:00:00Z","120-50A","AFS-210","Guidelines for Operational Approval of Windshear Training Programs"
"0","2000-09-27T05:00:00Z","25.905-1","ANM-110","Minimizing the Hazards from Propeller Blade and Hub Failures"
"0","2003-09-08T05:00:00Z","39-8","AIR-100","Continued Airworthiness Assessments of Powerplant and Auxiliary Power Unit Installations of Transport Category Airplanes"
"0","2002-04-25T05:00:00Z","36-3H","AEE-100","Estimated Airplane Noise Levels in A-Weighted Decibels"
"0","2008-04-11T05:00:00Z","20-161","AIR-130","Aircraft Onboard Weight and Balance Systems"
"0","2008-10-24T05:00:00Z","25.795-1A","ANM-100","FlightDeck Intrusion Resistance"
"0","2007-12-04T05:00:00Z","25.1701-1","ANM-100","Certification of Electrical Wiring Interconnection Systems on Transport Category Airplanes"
"1","1980-12-12T05:00:00Z","91-44A","AFS-300","Operational and Maintenance Practices for Emergency Locator Transmitters and Receivers - Change 1"
"0","2007-12-03T05:00:00Z","26-1","ANM-100","Part 26, Continued airworthiness and Safety Improvements"
"0","2008-04-14T05:00:00Z","150/5210-7D","AAS-300","Aircraft Rescue and Fire Fighting Communications"
"0","1983-06-23T05:00:00Z","103-6","AFS-820","Ultralight Vehicle Operations-Airports, ATC, and Weather"
"0","2001-06-29T05:00:00Z","33.28-1","ANE-110","Compliance Criteria for 14 CFR §33.28, Aircraft Engines, Electrical and Electronic Engine Control Systems"
"0","2007-09-28T05:00:00Z","150/5370-16","AAS-100","Rapid Construction of Rigid (Portland Cement Concrete) Airfield Pavements"
"0","2004-12-20T05:00:00Z","120-60B","AFS-220","Ground Deicing and Anti-icing Program"
"0","1999-04-26T05:00:00Z","60-11C","AFS-630","Test Aids and Materials that may be used by Airman Knowledge Testing Applicants"
"0","1994-10-11T05:00:00Z","120-63","AFS-205","Helicopter Simulator Qualification"
"0","1985-03-11T05:00:00Z","25.1455-1","ANM-112","Waste Water/Potable Water Drain System Certification Testing"
"1","2001-11-15T05:00:00Z","36-1H","AEE-100","Noise Levels for U.S. Certificated and Foreign Aircraft"
"0","1980-10-10T05:00:00Z","120-38","AFS-260","Transport Category Airplanes Cabin Ozone Concentrations"
"0","1970-03-05T05:00:00Z","39-1A","AFS-340","JIG Fixtures; Replacement of Wing Attach Angles and Doublers on Douglas DC-3 Series Aircraft, Airworthiness Directive 66-18-2"
"0","1986-03-19T05:00:00Z","25.939-1","ANM-112","Evaluating Turbine Engine Operating Characteristics"
"0","1969-07-02T05:00:00Z","91-26","AFS-310","Maintenance and Handling of Airdriven Gyroscopic Instruments"
"0","2002-10-07T05:00:00Z","120-77","AFS-300","Maintenance and Alteration Data"
"0","2008-10-24T05:00:00Z","25.795-3","ANM-100","Flightdeck Protection (Smoke and Fumes)"
"2","2007-03-01T05:00:00Z","90-100A","AFS-400","U.S Terminal and En Route Area Navigation (RNAV) Operations with Change 2"
"0","2008-06-13T05:00:00Z","120-42B","AFS-220","Extended Operations (ETOPS and Polar Operations)"
"0","2007-06-05T05:00:00Z","150/5200-29A","AAS-300","Announcement Of Availability Of Airport Self-Inspection DVD"
"0","2007-07-25T05:00:00Z","33.63-1","ANE-110","Turbine Engine Vibration"
"0","2007-11-27T05:00:00Z","25.1365-1","ANM-100","Electrical Appliances, Motors, and Transformers"
"0","1996-04-24T05:00:00Z","120-64","AFS-200N","Operational Use & Modification of Electronic Checklists"
"0","2008-09-19T05:00:00Z","25.981-2A","ANM-112","Fuel Tank Flammability"
"0","2008-10-24T05:00:00Z","25.795-5","ANM-100","Cargo Compartment Fire Suppression"
"0","1997-05-01T05:00:00Z","00-44II","AGC-200","Status of Federal Aviation Regulations"
"0","2009-06-25T05:00:00Z","33.87-2","ANE-110","Comparative Endurance Test Method to Show Durability for Parts Manufacturer Approval of Turbine Engine and Auxiliary Power Unit Parts"
"0","2007-09-14T05:00:00Z","150/5220-18A","AAS-100","Buildings for Storage and Maintenance of Airport Snow and Ice Control Equipment and Materials"
"1","1974-07-29T05:00:00Z","00-34A","AFS-340","Aircraft Gound Handling and Servicing"
"0","2008-09-30T05:00:00Z","150/5300-15A","AAS-100","Use Of Value Engineering For Engineering And Design Of Airport Grant Projects"
"1","1982-09-20T05:00:00Z","00-31A","AJW-143","United States (U.S.) National Aviation Standard for the Very High Frequency Omnidirectional Radio Range (VOR)/Distance Measuring Equipment (DME)/Tactical Air Navigation (TACAN) Systems"
"0","2004-02-23T05:00:00Z","23-16A","ACE-100","Powerplant Guide for Certification of Part 23 Airplanes and Airships"
"0","2007-04-13T05:00:00Z","20-94A","AFS-350","Digital Clock Installation in Aircraft"
"0","1991-08-05T05:00:00Z","23-10","ACE-111","Auxiliary Fuel Systems for Reciprocating and Turbine Powered Part 23 Airplanes"
"0","2008-09-05T05:00:00Z","150/5000-13A","AAS-100","Announcement Of Availability: RTCA Inc., Document RTCA-221"
"0","2006-06-13T05:00:00Z","93-2","AEE-100","Noise Levels for Aircraft used for Commercial Operations in Grand Canyon National Park Special Flight Rules Area"
"0","2007-10-22T05:00:00Z","25.1353-1A","ANM-100","Electrical equipment and installations"
"0","2004-09-17T05:00:00Z","91-36D","ATO-R","Visual Flight Rules (VFR) Flight Near Noise-Sensitive Areas"
"0","2007-10-22T05:00:00Z","25.1360-1","ANM-100","Protection Against Injury"
"0","2000-12-14T05:00:00Z","120-73","ANM-100","Damage Tolerance Assessment of Repairs to Pressurized Fuselages"
"0","2007-10-22T05:00:00Z","25.1362-1","ANM-100","Electrical Supplies for Emergency Conditions"
"0","2008-10-24T05:00:00Z","25.795-8","ANM-100","Interior Design to Facillitate Searches"
"0","2007-07-20T05:00:00Z","91-78","AFS-800","Use of Class 1 or Class 2 Electronic Flight Bag (EFB)"
"0","1984-07-26T05:00:00Z","11-2A","ARM-1","Notice of Proposed Rulemaking Distribution System"
"0","1997-11-20T05:00:00Z","120-94","ANM-100","Aircraft Electrical Wiring Interconnection Systems Training Program"
"0","1996-09-10T05:00:00Z","25-20","ANM-111","Pressurization, Ventilation and Oxygen Systems Assessment for Subsonic Flight including High Altitude Operation"
"0","2008-09-08T05:00:00Z","150/5320-15A","AAS-100","Management Of Airport Industrial Waste"
"0","2009-04-29T05:00:00Z","00-58B","AFS-230","Voluntary Disclosure Reporting Program"
"1","2007-05-11T05:00:00Z","23-2A","ACE-100","Flammability Tests"
"1","2004-09-30T05:00:00Z","23-21","ACE-100","Airworthiness Compliance Checklists Used to Substantiate Major Alterations for Small Airplanes with Change 1"
"0","2010-02-23T05:00:00Z","91-86","AEE-100","Guidance on Carrying Noise Certification Documents On Board Aircraft Operating Outside the United States"
"","2010-04-30T05:00:00Z","33-9","AIR-600","Developing Data for Major Repairs of Turbine Engine Parts"
"","2010-07-21T05:00:00Z","20-168","AIR-120","Certification Guidance for Installation of Non-Essential, Non-Required Aircraft Cabin Systems & Equipment (CS&E)"
"","2011-02-11T05:00:00Z","21-50","AIR-110","Installation of TSOA Articles and LODA Appliances"
"1","2004-10-22T05:00:00Z","120-84","AFS-309","Aging Aircraft Inspections and Records Reviews"
"0","2007-09-27T05:00:00Z","21-40A","AIR-600","Guide for Obtaining a Supplemental Type Certificate"
"0","2008-09-30T05:00:00Z","150/5210-14B","AAS-300","Aircraft Rescue Fire Fighting Equipment, Tools and Clothing"
"0","2009-09-30T05:00:00Z","129-4A","AFS-50","Maintenance Programs for U.S. Registered Aircraft Operated Under 14 CFR Part 129"
"0","2009-07-31T05:00:00Z","33.70-1","AIR-600","Guidance Material for Aircraft Engine Life-Limited Parts Requirements"
"","2009-09-28T05:00:00Z","150/5200-12C","AAS-300","First Responders’ Responsibility for Protecting Evidence at the Scene of an Aircraft Accident/Incident"
"0","1987-07-22T05:00:00Z","65-23A","AFS-340","Certification of Repairmen (Experimental Aircraft Builders)"
"0","2009-05-18T05:00:00Z","25-17A","ANM-100","Transport Airplane Cabin Interiors Crashworthiness Handbook"
"","2010-01-29T05:00:00Z","21-2L","AIR-40","Complying with the Requirements of Importing Countries or Jurisdictions When Exporting U.S. Products, Articles, or Parts"
"","2010-03-23T05:00:00Z","93-3","AJR-1","Lengthy Tarmac Delays and Associated Airline/Airport Contingency Plans and Related Air Traffic Control Communications"
"0","2010-01-21T05:00:00Z","33.201-1","ANE-111","Extended Operations (ETOPS) Eligibility for Turbine Engines"
"","2011-01-19T05:00:00Z","20-171","AIR-120","Alternatives to RTCA/DO-178B for Software in Airborne Systems and Equipment"
"","2010-08-06T05:00:00Z","21-24A","AIR-200","Extending a Production Certificate to a Facility Located in a Bilateral Airworthiness Agreement Country"
"","2010-09-13T05:00:00Z","33.64-1","ANE-111","Guidance for Pressurized Engine Static Parts"
"","2010-05-04T05:00:00Z","25-27A","ANM-100","Development of Transport Category Airplane Electrical Wiring Interconnection Systems Instructions for Continued Airworthiness Using and Enhanced Zonal Analysis Procedure"
"9","2008-09-30T05:00:00Z","27-1B","AIR-600","Certification of Normal Category Rotorcraft (Changes 1 - 9 incorporated)"
"","2010-08-12T05:00:00Z","21-9B","AIR-200","Manufacturers Reporting Failures, Malfunctions, or Defects"
"","2011-08-04T05:00:00Z","121.321-1","ANM-100","Compliance with Requirements of § 121.321, Operations in Icing"
"0","2011-07-22T05:00:00Z","150/5345-47C","AAS-100","Specification for Series to Series Isolation Transformers for Airport Lighting Systems"
"","2015-09-30T05:00:00Z","150/5300-19","AAS-100","Airport Data and Information Program"
"","2011-10-21T05:00:00Z","35.23-1","ANE-111","Guidance Material for 14 CFR § 35.23, Propeller Control System"
"","2010-11-23T05:00:00Z","150/5220-25","AAS-100","Airport Avian Radar Systems"
"","2012-10-11T05:00:00Z","117-3","AFS-200","Fitness for Duty"
"","2011-12-08T05:00:00Z","20-175","AIR-120","Controls for Flight Deck Systems"
"1","2012-09-20T05:00:00Z","117-1","AFS-220","Flightcrew Member Rest Facilities"
"0","2005-07-08T05:00:00Z","145-10","AFS-300","Repair Station Training Program w/ Change 1"
"1","2007-09-26T05:00:00Z","33.75-1A","ANE-111","Guidance Material For 14 CFR 33.75, Safety Analysis (With Change 1)"
"0","2007-11-14T05:00:00Z","25-26","ANM-100","Development of standard wiring practices documentation"
"1","2003-12-30T05:00:00Z","23-15A","ACE-100","Small Airplane Certification Compliance Program with Change 1"
"9","2008-09-30T05:00:00Z","29-2C","AIR-600","Certification of Transport Category Rotorcraft (Changes 1 - 9 incorporated)"
"0","2010-01-29T05:00:00Z","21-19B","AIR-200","Installation of Used Aircraft Engines in New Production Aircraft"
"","2010-06-07T05:00:00Z","120-100","AFS-200","Basics of Aviation Fatigue"
"","2014-11-06T05:00:00Z","20-166A","AIR-110","Issue Paper Process"
"1","2011-02-23T05:00:00Z","90-101A","AFS-400","Approval Guidance for Required Navigation Performance (RNP) Procedures with Authorization Required (AR) Including Change 1"
"1","2007-07-23T05:00:00Z","91-59A","AFS-300","Inspection and Care of General Aviation Aircraft Exhaust Systems - Change 1"
"","2011-03-24T05:00:00Z","35.37-1B","ANE-111","Propeller Fatigue Limits and Evaluation"
"0","2010-09-24T05:00:00Z","150/5345-12F","AAS-100","Specification for Airport and Heliport Beacons"
"","2011-07-18T05:00:00Z","33.27-1A","ANE-111","Engine and Turbosupercharger Rotor Overspeed Requirements of 14 CFR § 33.27."
"0","2013-09-25T05:00:00Z","150/5340-5D","AAS-100","Segmented Circle Airport Marker System"
"","2013-06-10T05:00:00Z","20-179","AIR-110","Certification Data Retention Agreements and Government Records"
"","2011-09-30T05:00:00Z","150/5370-15B","AAS-100","Airside Applications for Artificial Turf"
"","2011-06-22T05:00:00Z","21-16G","AIR-100","RTCA Document DO-160 versions D, E and F, “Environmental Conditions and Test Procedures for Airborne Equipment”"
"","2013-05-14T05:00:00Z","20-180","AIR-110","Approved Model List Supplemental Type Certificate (AML-STC)"
"","2010-05-11T05:00:00Z","25.785-1B","ANM-100","Flight Attendant Seat and Torso Restraint System Installations"
"","2013-01-17T05:00:00Z","35.16-1","ANE-111","Propeller Critical Parts"
"","2010-08-03T05:00:00Z","45-3A","AIR-200","Installation, Removal or Change of Identification Data and Identification Plates on Aircraft Engines"
"","2012-09-07T05:00:00Z","21-12C","AIR-200","Application for U.S. Airworthiness Certificate, FAA Form 8130–6"
"2","2006-03-24T05:00:00Z","43-18","AFS-300","Fabrication of Aircraft parts by Maintenance Personnel"
"","2011-09-07T05:00:00Z","20-136B","AIR-130","Aircraft Electrical and Electronic System Lightning Protection"
"","2012-11-28T05:00:00Z","145-11A","AFS-300","Repair Station Guidance for Compliance with the Safety Agreement between the United States and the European Union"
"","2013-09-20T05:00:00Z","25-29","AFS-300","Development of a Nondestructive Inspection Program/Organization"
"","2011-10-03T05:00:00Z","25-19A","ANM-117","Certification Maintenance Requirements"
"","2011-09-30T05:00:00Z","150/5370-11B","AAS-100","Use of Nondestructive Testing in the Evaluation of Airport Pavements"
"0","2013-08-19T05:00:00Z","150/5345-7F","AAS-100","Specification for L-824 Underground Electrical Cable for Airport Lighting Circuits"
"1","2012-06-22T05:00:00Z","120-98A","AFS-300","Operator Information for Incorporating Fuel Tank Flammability Reduction Requirements into a Maintenance or Inspection Program (Including Change 1)"
"","2012-08-27T05:00:00Z","121-22C","AFS-300","Maintenance Review Boards, Maintenance Type Boards, and OEM/TCH Recommended Maintenance Procedures"
"","2013-03-07T05:00:00Z","21-52","AIR-40","Obtaining Foreign Design Approval / Acceptance of U.S. Products and Articles"
"","2009-05-18T05:00:00Z","23-27","ACE-100","Parts and Materials Substitution for Vintage Aircraft"
"","2014-12-12T05:00:00Z","25.362-1","ANM-115","Engine Failure Loads"
"","2014-10-07T05:00:00Z","25-11B","ANM-111","Electronic Flight Displays"
"","2014-03-11T05:00:00Z","25.795-9","ANM-100","Chemical Oxygen Generator Security Standards"
"","2014-05-30T05:00:00Z","20-158A","AIR-130","The Certification of Aircraft Electrical and Electronic Systems for Operation in the High-intensity Radiated Fields (HIRF) Environment"
"0","2012-09-26T05:00:00Z","150/5345-53D","AAS-100","Airport Lighting Equipment Certification Program"
"","2014-10-27T05:00:00Z","25-28","ANM-110","Compliance of Transport Category Airplanes with Certification Requirements for Flight in Icing Conditions"
"0","2012-08-31T05:00:00Z","150/5150-2C","ACO-100","Federal Surplus Personal Property Program for Public Airport Purposes"
"0","2015-09-14T05:00:00Z","150/5370-12B","AAS-100","Quality Management for Federally Funded Airport Construction Projects"
"1","2014-06-30T05:00:00Z","20-24D","AIR-20","Approval of Propulsion Fuels, Additives, and Lubricating Oils"
"","2014-12-12T05:00:00Z","25.341-1","ANM-115","Dynamic Gust Loads"
"0","2014-11-05T05:00:00Z","150/5345-10H","AAS-100","Specification for Constant Current Regulators and Regulator Monitors"
"","2014-06-16T05:00:00Z","20-176A","AIR-140","Service Bulletins Related to Airworthiness Directives and Indicating FAA Approval on Service Documents"
"","2014-04-07T05:00:00Z","20-181","AIR-130","Airworthiness Approval of Attitude Heading Reference System (AHRS) Equipment"
"","2014-10-27T05:00:00Z","25.629-1B","ANM-115","Aeroelastic Stability Substantiation of Transport Category Airplanes"
"","2016-01-04T05:00:00Z","120-16G","AFS-300","Air Carrier Maintenance Programs"
"","2011-09-29T05:00:00Z","150/5345-56B","AAS-100","Specification for L-890 Airport Lighting Control and Monitoring System (ALCMS)"
"","2011-11-16T05:00:00Z","23-8C","ACE-100","Flight Test Guide for Certification of Part 23 Airplanes"
"0","2009-08-03T05:00:00Z","33.17-1A","ANE-111","Engine Fire Protection"
"","2011-09-30T05:00:00Z","20-174","AIR-120","Development of Civil Aircraft and Systems"
"","2014-10-31T05:00:00Z","61-137B","AFS-800","Approval of Manufacturer's Required Training Programs"
"","2011-09-27T05:00:00Z","21-51","AIR-110","Applicant’s Showing of Compliance and Certifying Statement of Compliance"
"","2014-02-24T05:00:00Z","65-31B","AFS-300","Training, Qualification, and Certification of Nondestructive Inspection Personnel"
"","2011-02-09T05:00:00Z","21-49","AIR-120","Gaining Approval Of Seats With Integrated Electronic Components"
"","2015-05-27T05:00:00Z","00-56B","AFS-300","Voluntary Industry Distributor Accreditation Program"
"1","2013-05-14T05:00:00Z","43-213A","AFS-300","Parts Marking Identification - Including Change 1"
"","2016-01-29T05:00:00Z","43-211A","AFS-300","Recommended Alternative Inspection Schedule for Daher (Socata) TBM Series Aircraft"
"","2015-10-15T05:00:00Z","20-184","AIR-133","Guidance on Testing and Installation of Rechargeable Lithium Battery and Battery Systems on Aircraft"
"","2015-03-26T05:00:00Z","135-14B","AFS-200","Helicopter Air Ambulance Operations"
"1","2015-04-14T05:00:00Z","120-111","AFS-200","Upset Prevention and Recovery Training - with Change"
"","2016-05-24T05:00:00Z","120-95A","AFS-200","Portable Oxygen Concentrators"
"0","2014-09-30T05:00:00Z","150/5100-14E","AAS-100","Architectural, Engineering, and Planning Consultant Services for Airport Grant Projects"
"","2009-05-22T05:00:00Z","91-76A","AAM-630","Hazard Associated with Sublimation of Solid Carbon Dioxide (Dry Ice) Aboard Aircraft"
"","2017-06-27T05:00:00Z","65-33A","AFS-300","Development of Training/Qualification and Certification Programs for Composite Maintenance Technicians"
"","2017-05-03T05:00:00Z","68-1A","AFS-800","BasicMed"
"","2016-09-29T05:00:00Z","120-114","AFS-200","Pilot Training and Checking (14 CFR Part 121 Subparts N and O, including Appendices E and F)"
"","2014-10-22T05:00:00Z","20-147A","ANE-100","Turbojet, Turboprop, Turboshaft, and Turbofan Engine Induction System Icing and Ice Ingestion"
"","2010-08-31T05:00:00Z","21-31A","AIR-200","Quality Control for the Manufacature of Non-Metallic Compartment Interior Components"
"","2017-04-05T05:00:00Z","91-90","AFS-300","Part 91 Approved Inspection Programs"
"1","2019-05-10T05:00:00Z","150/5340-18G","AAS-100","Standards for Airport Sign Systems"
"0","2012-09-27T05:00:00Z","150/5220-22B","AAS-100","Engineered Materials Arresting Systems (EMAS) for Aircraft Overruns"
"","2014-10-07T05:00:00Z","25.307-1","ANM-115","Proof of Structure"
"2","2000-09-25T05:00:00Z","61-67C","AFS-840","Stall and Spin Awareness Training with Change 1 & 2"
"","2016-02-10T05:00:00Z","91-37B","AFS-800","Truth in Leasing"
"","2011-01-13T05:00:00Z","25.571-1D","ANM-115","Damage Tolerance and Fatigue Evaluation of Structure"
"0","2013-08-15T05:00:00Z","150/5320-5D","AAS-100","Airport Drainage Design"
"","2011-04-23T05:00:00Z","43-10C","AFS-300","United States—Canadian Bilateral Aviation Safety Agreement Maintenance Implementation Procedures"
"","2012-06-04T05:00:00Z","20-178","AIR-100","Flammability Testing of Aircraft Cabin Interior Panels After Alterations"
"","2011-03-24T05:00:00Z","20-66B","ANE-111","Propeller Vibration and Fatigue"
"","2012-02-28T05:00:00Z","20-177","AIR-130","Design and Installation Guidance for an Airborne System for Non-Required Telecommunication Service in Non Aeronautical Frequency Bands"
"","2011-11-14T05:00:00Z","150/5220-26","AAS-100","Airport Ground Vehicle Automatic Dependent Surveillance - Broadcast (ADS-B) Out Squitter Equipment"
"","2013-08-16T05:00:00Z","129-5","AFS-50","Provision of Technical Assistance to Civil Aviation Authorities for Safety Oversight of International Commercial Air Transportation Including by Commercial Technical Assistance Providers"
"","2015-12-22T05:00:00Z","25-31","ANM-111","Takeoff Performance Data for Operations on Contaminated Runways"
"","2015-03-13T05:00:00Z","120-35D","AFS-200","Flightcrew Member Line Operational Simulations: Line-Oriented Flight Training, Special Purpose Operational Training, Line Operational Evaluation"
"","2014-12-30T05:00:00Z","121-39","AFS-200","Air Carrier Pilot Remedial Training and Tracking Program"
"","2014-10-27T05:00:00Z","25-25A","ANM-110","Performance and Handling Characteristics in Icing Conditions"
"","2012-11-16T05:00:00Z","45-4","AIR-200","Identification, marking, and placarding of aircraft issued special airworthiness certificates in the light-sport category (S-LSA) and aircraft issued experimental certificates for the purpose of operating light-sport aircraft (E-LSA)"
"","2017-03-27T05:00:00Z","23.2010-1","ACE-100","FAA Accepted Means of Compliance Process for 14 CFR Part 23"
"0","2014-10-10T05:00:00Z","150/5380-6C","AAS-100","Guidelines and Procedures for Maintenance of Airport Pavements"
"","2015-10-08T05:00:00Z","91-74B","AFS-800","Pilot Guide: Flight In Icing Conditions"
"","2017-07-21T05:00:00Z","20-151C","AIR-100","Airworthiness Approval of Traffic Alert and Collision Avoidance Systems (TCAS II), Versions 7.0 & 7.1 and Associated Mode S Transponders"
"","2016-02-26T05:00:00Z","91-87","AFS-800","Ejection Seat Training Program"
"0","2018-10-30T05:00:00Z","120-59B","AFS-200","Internal Evaluation Programs"
"","2018-09-11T05:00:00Z","43-4B","AFS-300","Corrosion Control for Aircraft"
"","2019-05-06T05:00:00Z","120-27F","AFS-200","Aircraft Weight and Balance Control"
"0","2017-12-13T05:00:00Z","150/5370-2G","AAS-100","Operational Safety on Airports During Construction"
"","2017-02-23T05:00:00Z","21-46A","AIR-100","Technical Standard Order Program"
"","2017-01-10T05:00:00Z","120-71B","AFS-200","Standard Operating Procedures and Pilot Monitoring Duties for Flight Deck Crewmembers"
"","2018-09-25T05:00:00Z","135-44","AFS-300","Part 135 Operator Aircraft Configuration Inspection"
"","2021-09-07T05:00:00Z","450.103-1","AST-1","System Safety Program"
"","2017-06-02T05:00:00Z","60-28B","AFS-800","FAA English Language Standard for an FAA Certificate Issued Under 14 CFR Parts 61, 63, 65, and 107"
"","2021-02-01T05:00:00Z","107-2A","AFS-800","Small Unmanned Aircraft System (Small UAS)"
"0","2018-12-21T05:00:00Z","150/5370-10H","AAS-100","Standard Specifications for Construction of Airports"
"","2018-08-27T05:00:00Z","61-65H","AFS-800","Certification: Pilots and Flight and Ground Instructors"
"","2020-03-31T05:00:00Z","120-66C","AFS-200","Aviation Safety Action Program"
"","2022-10-12T05:00:00Z","450.123-1","AST-1","Population Exposure Analysis"
"","2020-03-03T05:00:00Z","121-43","AFS-200","Mentoring Training for Pilots in Command"
"","2018-12-19T05:00:00Z","120-17B","AFS-300","Reliability Program Methods—Standards for Determining Time Limitations"
"","2015-03-09T05:00:00Z","33.87-1A","ANE-111","Engine Overtorque Test, Calibration Test, Endurance Test, and Teardown Inspection for Turbine Engine Certification (§§ 33.84, 33.85, 33.87, 33.93)"
"0","2022-09-16T05:00:00Z","150/5190-4B","APP-400","Airport Land Use Compatibility Planning"
"0","2019-03-20T05:00:00Z","90-110B","AFS-400","Instrument Flight Procedure Service Provider Authorization Guidance for Space-based Instrument Flight Procedures"
"","2023-08-04T05:00:00Z","120-119","AXH-1","Voluntary Safety Management System for Other Regulated Entities Transporting Dangerous Goods by Air"
"","2016-07-23T05:00:00Z","43-214A","AFS-300","Repairs and Alterations to Composite and Bonded Aircraft Structure"
"","2021-05-20T05:00:00Z","450.101-1A","AST-1","High Consequence Event Protection"
"","2023-08-15T05:00:00Z","33.70-4","AIR-625","Fatigue Life of Nickel Powder Rotating Life-Limited Parts"
"","2022-11-21T05:00:00Z","120-123","AFS-200","Flightpath Management"
"","2021-07-27T05:00:00Z","450.107-1","AST-1","Hazard Control Strategies Determination"
"","2019-01-29T05:00:00Z","91-85B","AFS-400","Authorization of Aircraft and Operators for Flight in Reduced Vertical Separation Minimum (RVSM) Airspace"
"","2018-09-13T05:00:00Z","61-83J","AFS-800","Nationally Scheduled, FAA-Approved, Industry-Conducted Flight Instructor Refresher Course"
"","2023-08-10T05:00:00Z","450.169-1","AST-1","Launch and Reentry Collision Avoidance Analysis"
"","2019-05-01T05:00:00Z","00-74","AIR-600","Avionics Human Factors Considerations for Design and Evaluation"
"","2022-05-02T05:00:00Z","90-106B","AFS-400","Enhanced Flight Vision System Operations"
"","2021-09-22T05:00:00Z","450.179-1","AST-1","Ground Safety"
"0","2022-05-25T05:00:00Z","150/5200-28G","AAS-300","Notice to Air Missions (NOTAMs) for Airport Operators"
"0","2022-04-29T05:00:00Z","150/5335-5D","AAS-110","Standardized Method of Reporting Airport Pavement Strength - PCR"
"","2021-08-05T05:00:00Z","450.109-1","AST-1","Flight Hazard Analysis"
"0","2021-09-23T05:00:00Z","150/5230-4C","AAS-300","Aircraft Fuel Storage, Handling, and Dispensing on Airports"
"0","2021-06-07T05:00:00Z","150/5320-6G","AAS-100","Airport Pavement Design and Evaluation"
"0","2018-08-31T05:00:00Z","150/5395-1B","AAS-100","Seaplane Bases"
"0","2023-02-16T05:00:00Z","150/5200-37A","AAS-300","Safety Management Systems for Airports"
"0","2019-09-12T05:00:00Z","150/5345-42J","AAS-100","Specification for Airport Light Bases, Transformer Housings, Junction Boxes, and Accessories"
"1","2018-06-28T05:00:00Z","135-43","AFS-200","Part 135 Second in Command Professional Development Program with Change 1"
"","2017-12-13T05:00:00Z","121-40","AXH-1","14 CFR Part 121 and Part 135 Dangerous Goods Transportation Operations"
"","2022-12-21T05:00:00Z","450.161-1","AST-1","Control of Hazard Areas"
"","2023-08-25T05:00:00Z","43-216A","AFS-300","Software Management During Aircraft Maintenance"
"","2016-10-19T05:00:00Z","91-91","AFS-300","Maintaining Public Aircraft"
"1","2019-05-10T05:00:00Z","150/5340-1M","AAS-100","Standards for Airport Markings"
"1","2022-02-14T05:00:00Z","70-1B","AJV-P","Outdoor Laser Operations"
"0","2018-07-13T05:00:00Z","150/5360-13A","APP-400","Airport Terminal Planning"
"","2023-07-06T05:00:00Z","90-113C","AFS-400","Instrument Flight Procedure Validation (IFPV of Performance Based Navigation (PBN) Instrument Flight Procedures (IFP)"
"","2020-04-27T05:00:00Z","142-1","AFS-200","Standardized Curricula Delivered by Part 142 Training Centers"
"","2022-10-07T05:00:00Z","20-152A","AIR-600","Development Assurance for Airborne Electronic Hardware"
"","2023-02-02T05:00:00Z","33.83-2B","AIR-624","Turbine Engine Vibration Test"
"","2023-08-28T05:00:00Z","91-79B","AFS-200,800","Aircraft Landing Performance and Runway Excursion Mitigation"
"0","2022-03-31T05:00:00Z","150/5300-13B","AAS-100","Airport Design"
"","2023-08-15T05:00:00Z","187-1S","AFS-50","Flight Standards Service Schedule of Charges Outside the United States"
"","2021-08-16T05:00:00Z","450.141-1A","AST-1","Computing System Safety"
"0","2023-05-25T05:00:00Z","150/5210-23A","AAS-310","ARFF Vehicle and High Reach Extendable Turret (HRET) Operation, Training and Qualifications"
"","2021-06-22T05:00:00Z","61-143","AFS-800","Conversion Process for Pilot Certificates in Accordance with the Technical Implementation Procedures - Licensing as Part of the Bilateral Aviation Safety Agreement Between the FAA and EASA"
"","2022-03-22T05:00:00Z","147-3C","AFS-300","Certification and Operation of Aviation Maintenance Technician Schools"
"0","1978-04-01T05:00:00Z","20-106","AFS-340","Aircraft Inspection for the General Aviation Aircraft Owner"
"0","2003-06-20T05:00:00Z","21-41A","AIR-110","Replacing MIL-S-8879C With SAE AS8879"
"0","2006-01-26T05:00:00Z","150/5200-34A","AAS-300","Construction or Establishment of Landfills near Public Airports"
"0","1985-09-30T05:00:00Z","20-124","ANM-112","Water Ingestion Testing for Turbine Powered Airplanes"
"0","1997-08-12T05:00:00Z","20-125","AFS-340","Water in Aviation Fuels"
"0","1971-07-29T05:00:00Z","20-74","AIR-120","Aircraft Position and Anticollision Light Measurements"
"0","1980-08-08T05:00:00Z","20-68B","AFS-360","Recommended Radiation Safety Precautions for Ground Operation of Airborne Weather Radar"
"0","1970-12-08T05:00:00Z","20-71","AIR-120","Dual Locking Devices on Fasteners"
"0","1983-02-07T05:00:00Z","20-119","AIR-120","Fuel Drain Valves"
"0","1993-02-10T05:00:00Z","21.17-2A","ACE-100","Type Certification-Fixed Wing Gliders (Sailplanes), Including Powered Gliders"
"0","2005-01-12T05:00:00Z","23-1523","ACE-100","Minimum Flight Crew"
"0","1982-09-17T05:00:00Z","20-116","ACE-100","Marking Aircraft Fuel Filler Openings with Color Coded Decals"
"0","1997-03-18T05:00:00Z","150/5320-12C","AAS-100","Measurement, Construction, and Maintenance of Skid Resistant Airport Pavement Surfaces"
"1","1991-01-29T05:00:00Z","20-122A","AFS-340","Anti-misfueling Devices: Their Availability and Use - Change 1"
"0","2007-06-27T05:00:00Z","150/5345-55A","AAS-100","Specification for L-893, Lighted Visual Aid to Indicate Temporary Runway Closure"
"0","2005-01-27T05:00:00Z","23-22","ACE-100","Guidance for Approved Model List (AML) Supplemental Type Certificated (STC) Approval of Part 23 Airplane Avionics Installations"
"0","2005-08-24T05:00:00Z","23-24","ACE-100","Airworthiness Compliance Checklists for Common Part 23 Supplemental Type Certificate (STC) Projects"
"0","2007-04-20T05:00:00Z","437.73-1","AST-1","Anomaly Reporting and Corrective Action for a Reusable Suborbital Rocket Operating Under an Experimental Permit"
"0","1984-02-28T05:00:00Z","91-61","AFS-800/AAM-500","A Hazard in Aerobatics: Effects of G-Forces of Pilots"
"0","1977-08-24T05:00:00Z","91-50","AFS-820","Importance of Transponder Operation and Altitude Reporting"
"0","1993-07-22T05:00:00Z","91-53A","AFS-820","Noise Abatement Departure Profile"
"0","2005-07-20T05:00:00Z","431.35-2A","AST-1","Reusable Launch and Reentry Vehicle System Safety Process"
"0","2004-12-07T05:00:00Z","20-148","AIR-100","Reusable Software Components"
"0","1994-06-14T05:00:00Z","21-37","AIR-110","Primary Category Aircraft"
"0","1990-08-13T05:00:00Z","25.807-1","ANM-114","Uniform Distribution of Exits"
"0","1990-06-20T05:00:00Z","21-28","AIR-220","Airworthiness Certification of U.S.-Produced Aircraft and Engine Kits Assembled Outside the United States"
"0","2006-08-28T05:00:00Z","150/5190-7","ACO-100","Minimum Standards for Commercial Aeronautical Activities"
"0","1993-04-08T05:00:00Z","20-109A","AFS-620","Service Difficulty Program (General Aviation)"
"0","1993-09-30T05:00:00Z","23-14","ACE-100","Type Certification Basis for Conversion from Reciprocating Engine to Turbine-Powered Part 23 Airplanes"
"0","1988-01-27T05:00:00Z","23-9","ACE-100","[Large AC] Evaluation of Flight Loads on Small Airlpanes with T, V, +, or Y Empennage Configurations"
"0","2003-09-19T05:00:00Z","23-20","ACE-100","Acceptance Guidance on Material Procurement and Process Specifications for Polymer Matrix Composite Systems"
"0","1989-03-22T05:00:00Z","20-133","AIR-130","Cockpit Noise and Speech Interference Between Crewmember"
"0","1969-07-30T05:00:00Z","21-4B","AIR-200","Special Flight Permits for Operation of Overweight Aircraft"
"0","1984-06-18T05:00:00Z","20-120","AIR-500","Nondirectional Beacon Frequency Congestion"
"0","2006-08-04T05:00:00Z","20-156","AIR-100","Aviation Databus Assurance"
"0","2000-06-06T05:00:00Z","20-143","ACE-100","Installation, Inspection, and Maintenance of Controls for General Aviation Reciprocating Aircraft Engines"
"1","2000-02-25T05:00:00Z","20-142","AFS-300","Eligibility and Evaluation of U.S. Military Surplus Flight Safety Aircraft Parts, Engines, and Propellers"
"1","1996-04-24T05:00:00Z","23.1521-2","ACE-100","Type Certification of Oxygenates and Oxygenated Gasoline Fuels in Part 23 Airplanes with Reciprocating Engines"
"0","1995-03-02T05:00:00Z","23.1521-1B","ACE-111","Type Certification of Automobile Gasoline in Part 23 Airplanes with Reciprocating Engines"
"0","1980-10-28T05:00:00Z","91-55","AFS-310","Reduction of Electrical System Failures following Aircraft Engine Starting"
"0","2005-06-24T05:00:00Z","25.856-1","ANM-115","Thermal/Acoustic Insulation Flame Propagation Test Method Details"
"0","1984-08-24T05:00:00Z","23.607-1","ACE-111","Self-Locking Nuts on Bolts Subject to Rotation"
"0","1986-05-02T05:00:00Z","25-8","ANM-112","Auxiliary Fuel Systems Installations"
"0","2004-09-28T05:00:00Z","23.629-1B","ACE-100","Means of Compliance with Title 14 CFR, Part 23, § 23.629, Flutter"
"0","1989-11-20T05:00:00Z","25-15","ANM-111","Approval of Flight Management Systems in Transport Category Airplanes"
"0","2000-07-24T05:00:00Z","00-61","AFS-800","Event Planning Guide"
"0","1986-09-17T05:00:00Z","25.853-1","ANM-110","Flammability Requirements for Aircraft Seat Cushions"
"0","1981-10-22T05:00:00Z","20-113","ACE-100","Pilot Precautions and Procedures to be taken in Preventing Aircraft Reciprocating Engine Induction System and Fuel System Icing Problems"
"2","1998-06-08T05:00:00Z","43-9C","AFS-340","Maintenance Records"
"0","2006-01-12T05:00:00Z","121-34B","AFS-220","Emergency Medical Equipment Training"
"0","2003-01-16T05:00:00Z","121-35","AFS-200","Management of Passengers during Ground Operations without Cabin Ventilation"
"0","1986-04-24T05:00:00Z","120-12A","AFS-820","Private Carriage Versus Common Carriage of Persons or Property"
"0","1982-06-10T05:00:00Z","129-3","ACS-100","Foreign Air Carrier Security"
"1","2006-01-10T05:00:00Z","25.562-1B","ANM-110","Dynamic Evaluation of Seat Restraint Systems and Occupant Protection on Transport Airplanes / with Change 1"
"1","1990-02-06T05:00:00Z","20-135","AIR-600","Powerplant Installation and Propulsion System Component Fire Protection Test Methods, Standards and Criteria with change 1"
"0","2002-08-12T05:00:00Z","120-29A","AFS-400","Criteria for Approval of Category I and Category II Weather Minima for Approach"
"0","1987-01-27T05:00:00Z","120-43","AFS-220","The Influence of Beards on Oxygen Mask Efficiency"
"0","1965-08-11T05:00:00Z","20-40","ACE-100","Placards for Battery-Excited Alternators Installed in Light Aircraft"
"1","1997-07-14T05:00:00Z","25.1581-1","ANM-110","Airplane Flight Manual"
"0","2003-06-27T05:00:00Z","34-1B","AEE-300","Fuel Venting and Exhaust Emission Requirements for Turbine Engine Powered Airplanes"
"0","2005-07-01T05:00:00Z","150/5325-4B","APP-400","Runway Length Requirements for Airport Design"
"0","1990-02-14T05:00:00Z","20-134","AIR-120","Test Procedures for Maximum Allowable Airspeed Indicators"
"0","2002-10-25T05:00:00Z","136-1","AFS-200","Commercial Air Tour Operations Conducted Over National Parks and Tribal Lands"
"0","1975-05-01T05:00:00Z","20-33B","AIR-100","Technical Information Regarding Civil Aeronautics Manuals 1, 3, 4a, 4b, 5, 6, 7, 8, 9, 13, and 14"
"0","1989-06-22T05:00:00Z","23.562-1","ACE-111","Dynamic Testing of Part 23 Airplane Seat/Restraint Systems and Occupant Protection"
"0","1999-11-19T05:00:00Z","91-69A","AFS-820","Seaplane Safety for FAR Part 91 Operators"
"0","1988-05-04T05:00:00Z","25-13","ANM-112","Reduced and Derated Takeoff Thrust (Power) Procedures"
"0","2005-12-13T05:00:00Z","120-89","AFS-220","Ground Deicing Using Infrared Energy"
"0","2006-04-27T05:00:00Z","120-90","AFS-230","Line Operations Safety Audits"
"0","2005-09-22T05:00:00Z","00-64","AFS-300","Air Medical Resource Management"
"0","1990-06-19T05:00:00Z","121.195-1A","AFS-200","Operational Landing Distances for Wet Runways; Transport Category Airplanes"
"1","2003-04-04T05:00:00Z","43-208","AFS-300","Maintenance of Emergency Evacuations Systems for Aircraft Operating Under Part 121"
"0","2005-09-09T05:00:00Z","20-37E","AFS-350","Aircraft Propeller Maintenance"
"0","2004-09-27T05:00:00Z","33.19-1","ANE-110","Guidance Material for 14 CFR §33.19, Durability, for Reciprocating Engine Redesigned Parts"
"0","1988-06-27T05:00:00Z","33.47-1","ANE-110","Detonation Testing in Reciprocating Aircraft Engines"
"0","1975-04-01T05:00:00Z","20-56A","AIR-120","Marking of TSO-C72b Individual Flotation Devices"
"0","2000-05-22T05:00:00Z","25-23","ANM-130L","Airworthiness Criteria for the Installation Approval of a Terrain Awareness and Warning System (TAWS) for Part 25 Airplanes"
"0","2004-09-30T05:00:00Z","23-23","ACE-100","Standardization Guide for Integrated Cockpits in Part 23 Airplanes"
"0","2003-09-22T05:00:00Z","90-99","ATA-301","High Altitude Airspace Redesign Phase 1"
"0","1977-04-05T05:00:00Z","20-41A","AIR-120","Substitute Technical Standard Order (TSO) Aircraft Equipment"
"0","2000-08-02T05:00:00Z","25-24","ANM-100","Sustained Engine Imbalance"
"0","1981-07-20T05:00:00Z","20-30B","AIR-120","Aircraft Position Light and Anticollision Light Installations"
"0","2007-09-26T05:00:00Z","150/5050-8","APP-400","Environmental Management Systems for Airport Sponsors"
"0","1987-06-12T05:00:00Z","120-47","AFS-220","Survival Equipment for use in Overwater Operations"
"0","1991-07-29T05:00:00Z","120-40B","AFS-205","Airplane Simulator Qualification"
"1","1995-09-27T05:00:00Z","145-5","AFS-350","Repair Station Internal Evaluation Programs - with Change 1"
"0","1997-02-18T05:00:00Z","91-32B","AFS-820","Safety in and Around Helicopters"
"0","1992-09-30T05:00:00Z","120-58","AFS-200","Pilot Guide Large Aircraft Ground Deicing"
"0","1984-07-18T05:00:00Z","91-33A","ANE-110","Use of Alternate Grades of Aviation Gasoline for Grade 80/87, and Use of Automotive Gasoline"
"1","2001-01-08T05:00:00Z","33.14-1","ANE-110","Damage Tolerance for High Energy Turbine Engine Rotors - Including Change 1"
"0","1965-09-03T05:00:00Z","20-44","ACE-100","Glass Fiber Fabric for Aircraft Covering"
"1","2005-01-13T05:00:00Z","90-96A","AFS-400","Approval of U.S. Operators and Aircraft to Operate Under Instrument Flight Rules (IFR) in European Airspace Designated for Basic Area Navigation (B-RNAV) and Precision Area Navigation (P-RNAV)"
"0","2001-05-30T05:00:00Z","43-206","AFS-300","Inspection, Prevention, Control, and Repair of Corrosion on Avionics Equipment"
"0","1991-12-13T05:00:00Z","60-22","AFS-800","Aeronautical Decision Making"
"0","1986-07-24T05:00:00Z","25.994-1","ANM-110","Design Considerations to Protect Fuel Systems during a Wheels-Up Landing"
"0","1983-11-07T05:00:00Z","120-41","AFS-400","Criteria for Operational Approval of Airborne Wind Shear Alerting and Flight Guidance"
"0","1987-07-08T05:00:00Z","20-127","ANM-110B","Use of Society of Automotive Engineers (SAE) Class H11 Bolts"
"0","1994-12-12T05:00:00Z","135-16","AFS-250","Ground Deicing & Anti-icing Training & Checking"
"0","1976-04-15T05:00:00Z","135-4A","ACS-100","Aviation Security: Air Taxi Commercial Operators (ATCO)"
"0","2000-03-14T05:00:00Z","25-22","ANM-112","Certification of Transport Airplane Mechanical Systems"
"0","1977-08-15T05:00:00Z","43-15","AFS-350","Recommended Guidelines for Instrument Shops"
"0","2000-10-20T05:00:00Z","25.491-1","ANM-110","Taxi, Takeoff and Landing Roll Design Loads"
"0","1999-07-13T05:00:00Z","120-28D","AFS-400","Criteria for Approval of Category III Weather Minima for Takeoff, Landing, and Rollout"
"0","2003-01-17T05:00:00Z","25.775-1","ANM-110","Windows and Windshields"
"0","2007-09-05T05:00:00Z","150/5345-52A","AAS-100","Generic Visual Glideslope Indicators (GVGI)"
"0","2000-02-08T05:00:00Z","33.78-1","ANE-110","Turbine Engine Power-Loss and Instability in Extreme Conditions of Rain and Hail"
"0","1977-02-24T05:00:00Z","43-14","AFS-350","Maintenance of Weather Radar Radomes"
"0","1990-11-19T05:00:00Z","135-15","AFS-250","Emergency Medical Service/Airplane (EMS/A)"
"1","1994-12-20T05:00:00Z","33-6","ANE-110","Weld Repair of Aluminum Crankcases and Cylinders of Piston Engines - Including Change 1"
"0","2002-04-10T05:00:00Z","25.735-1","ANM-100","Brakes and Braking Systems Certification Tests and Analysis"
"0","1998-09-22T05:00:00Z","33.15-1","ANE-110","Manufacturing Process of Premium Quality Titanium Alloy Rotating Engine Components"
"0","2004-04-12T05:00:00Z","120-82","AFS-230","Flight Operational Quality Assurance"
"0","2004-04-26T05:00:00Z","150/5210-22","AAS-300","Airport Certification Manual (ACM)"
"0","2008-03-07T05:00:00Z","91-56B","ANM-115","Continuing Structural Integrity Program for Airplanes"
"0","2008-05-30T05:00:00Z","90-102A","AJR-1","Airspace Flow Program"
"0","1965-09-17T05:00:00Z","20-45","ACE-100","Safetying of Turnbuckles on Civil Aircraft"
"0","2003-11-03T05:00:00Z","35.4-1","ANE-110","Propeller Instructions for Continued Airworthiness"
"0","2002-12-26T05:00:00Z","43-207","AFS-100","Correlation, Operation, Design, and Modification of Turbofan/Jet Engine Test Cells"
"0","1983-09-23T05:00:00Z","150/5060-5","APP-400","Airport Capacity And Delay"
"0","1992-02-05T05:00:00Z","120-45A","AFS-205","Airplane Flight Training Device Qualification"
"7","2017-07-10T05:00:00Z","150/5100-17","APP-400","Land Acquisition and Relocation Assistance for Airport Improvement Program Assisted Projects (Consolidated through Change 7)"
"0","2008-05-13T05:00:00Z","91-81","AJR-1","Dual J80 Route Procedure"
"0","1972-11-08T05:00:00Z","150/5300-7B","ABP-420","FAA Policy on Facility Relocations Occasioned by Airport Improvements or Changes"
"0","2008-12-11T05:00:00Z","90-91K","AJR-1","North American Route Program"
"0","2008-09-10T05:00:00Z","150/5210-15A","AAS-100","Aircraft Rescue and Firefighting Station Building Design"
"0","2009-07-09T05:00:00Z","20-163","AIR-100","Displaying Geometric Altitude Relative to Mean Sea Level"
"0","2008-10-24T05:00:00Z","25.795-6","ANM-100","Least Risk Bomb Location"
"0","2008-10-24T05:00:00Z","25.795-4","ANM-100","Passenger Cabin Smoke Protection"
"0","2007-10-22T05:00:00Z","25.899-1","ANM-100","Electrical bonding and protection against static electricity"
"0","2008-10-24T05:00:00Z","25.795-2A","ANM-100","Flight Deck Penetration Resistance"
"0","2004-06-03T05:00:00Z","120-83","AFS-220","Flight Deck Observer Seat and Associated Equipment"
"0","2007-06-01T05:00:00Z","91-77","AJR-1","General Aviation, Coded Departure Routes (CDR)"
"0","2007-11-20T05:00:00Z","25.1529-1A","ANM-100","Instructions for Continued airworthiness of Structural Repairs on Transport Airplanes"
"0","2008-06-10T05:00:00Z","135-42","AFS-220","Extended Operations (ETOPS) and Operations in the North Polar Area"
"0","1998-03-11T05:00:00Z","187-2","AIR-230","Aircraft Certification Service Fees for Providing Production Certification-Related Services Outside the United States"
"0","2008-09-29T05:00:00Z","150/5210-18A","AAS-100","Systems for Interactive Training Of Airport Personnel"
"0","1989-10-10T05:00:00Z","00-41B","ASU-430","FAA Quality Control System Certification Program"
"0","2007-10-22T05:00:00Z","25.869-1A","ANM-100","Fire Protection: Systems"
"0","2009-06-11T05:00:00Z","33-7A","ANE-111","Guidance for 30-Second and 2-Minute One-Engine-Inoperative (OEI) Ratings for Rotorcraft Turbine Engines"
"0","2009-06-12T05:00:00Z","150/5210-19A","AAS-100","Driver's Enhanced Vision System (DEVS)"
"0","2009-09-08T05:00:00Z","33.83-1","ANE-111","Comparative Method to Show Equivalent Vibratory Stresses and High Cycle Fatigue Capability for Parts Manufacturer Approval of Turbine Engine and Auxiliary Power Unit Parts"
"0","1983-08-05T05:00:00Z","150/5020-1","APP-400","Noise Control and Compatibility Planning for Airports"
"0","2007-11-20T05:00:00Z","120-93","ANM-100","Damage Tolerance Inspections for Repairs and Alterations"
"0","1995-02-07T05:00:00Z","90-95","AFS-800","Unanticipated Right Yaw in Helicopters"
"0","1986-01-16T05:00:00Z","20-67B","AIR-120","Airborne VHF Communication Equipment Installations"
"0","2008-06-24T05:00:00Z","91-80","AJR-1","Air Traffic Control System Command Center (ATCSCC) Hotlines"
"0","1973-04-05T05:00:00Z","21-13","AIR-200","Standard Airworthiness Certification of Surplus Military Aircraft and Aircraft Built from Spare and Surplus Parts"
"0","1983-02-01T05:00:00Z","65-24","AFS-350","Certification of a Repairman (General)"
"","2010-09-29T05:00:00Z","21-45","AIR-100","Commercial Parts"
"","2010-09-30T05:00:00Z","150/5210-24","AAS-300","Airport Foreign Object Debris (FOD) Management"
"0","2007-10-22T05:00:00Z","25.1357-1A","ANM-100","Circuit protective devices"
"0","2008-10-24T05:00:00Z","25.795-7","ANM-100","Survivability of Systems"
"0","2009-08-28T05:00:00Z","33.70-2","AIR-600","Damage Tolerance of Hole Features in High-Energy Turbine"
"0","2009-03-31T05:00:00Z","91-84","AFS-800","Fractional Ownership Programs"
"0","2007-01-17T05:00:00Z","121-38","ADG-1","Reporting Hazardous Materials Discrepancies to the Federal Aviation Administration"
"0","2009-09-30T05:00:00Z","150/5345-54B","AAS-100","Specification for L-884, Power and Control Unit for Land and Hold Short Lighting Systems"
"","2011-01-10T05:00:00Z","120-107","AFS-200","Use of Remote On-Ground Ice Detection System"
"0","2009-09-30T05:00:00Z","150/5380-9","AAS-100","Guidelines and Procedures for Measuring Airfield Pavement Roughness"
"","2010-09-30T05:00:00Z","20-169","AIR-100","Guidance for Certification of Military and Special Mission Modifications and Equipment for Commercial Derivative Aircraft (CDA)"
"","2011-01-10T05:00:00Z","120-104","ANM-100","Establishing and Implementing Limit of Validity to Prevent Widespread Fatigue Damage"
"","2010-08-17T05:00:00Z","20-141B","AIR-626","Airworthiness and Operational Approval of Digital Flight Data Recorder Systems with Change 1"
"","2011-02-16T05:00:00Z","61-91J","AFS-800","WINGS - Pilot Proficiency Programs"
"1","2010-09-07T05:00:00Z","120-79A","AFS-300","Developing and Implementing an Air Carrier Continuing Analysis and Surveillance System"
"0","2011-06-01T05:00:00Z","150/5220-10E","AAS-100","Guide Specification for Aircraft Rescue and Fire Fighting (ARFF) Vehicles"
"0","2010-09-29T05:00:00Z","150/5345-3G","AAS-100","Specification for L-821, Panels for the Control of Airport Lighting"
"1","1998-09-08T05:00:00Z","43.13-1B","AFS-350","Acceptable Methods, Techniques, and Practices - Aircraft Inspection and Repair [Large AC. This includes Change 1.]"
"","2011-09-27T05:00:00Z","20-173","AIR-130","Installation of Electronic Flight Bag Components"
"0","2008-07-29T05:00:00Z","25.856-2A","ANM-115","Installation of Thermal/Acoustic Insulation for Burnthrough Protection"
"0","2009-05-21T05:00:00Z","150/5300-18B","AAS-100","General Guidance and Specifications for Submission of Aeronautical Surveys to NGS: Field Data Collection and Geographic Information System (GIS) Standards"
"0","2008-03-03T05:00:00Z","43.13-2B","AFS-300","Acceptable Methods, Techniques, and Practices - Aircraft Alterations"
"0","2009-09-30T05:00:00Z","20-27G","AIR-200","Certification and Operation of Amateur-Built Aircraft"
"1","2009-09-08T05:00:00Z","20-107B","AIR-100","Composite Aircraft Structure"
"1","2006-01-19T05:00:00Z","120-88A","AFS-200","Preventing Injuries Caused by Turbulence"
"1","1976-04-07T05:00:00Z","43-11","AFS-340","Reciprocating Engine Overhaul Terminology and Standards - Including Change 1"
"0","2010-04-01T05:00:00Z","150/5210-5D","AAS-100","Painting, Marking, and Lighting of Vehicles Used on an Airport"
"","2010-07-23T05:00:00Z","21-26A","AIR-200","Quality Control for the Manufacture of Composite Structures"
"1","2010-06-28T05:00:00Z","120-101","AFS-200","Part 121 Air Carrier Operational Control - Change 1"
"0","2009-08-19T05:00:00Z","33-8","ANE-111","Guidance for Parts Manufacturer Approval of Turbine Engine and Auxiliary Power Unit Parts under Test and Computation"
"2","2009-06-19T05:00:00Z","150/5200-31C","AAS-300","Airport Emergency Plan (Consolidated AC includes Change 2)"
"","2010-09-29T05:00:00Z","150/5000-16","AAS-100","Announcement of Availability of the Guide for Private Flyers - U.S. International Airports"
"","2011-02-04T05:00:00Z","33.15-2","ANE-111","Manufacturing Processes for Premium Quality Nickel Alloy for Engine Rotating Parts"
"1","2011-02-23T05:00:00Z","120-55C","AFS-400","Air Carrier Operational Approval and Use of TCAS II"
"1","2011-08-23T05:00:00Z","91-82A","ACE-100","Fatigue Management Programs for In-Service Issues"
"0","2010-09-30T05:00:00Z","150/5220-17B","AAS-100","Aircraft Rescue and Fire Fighting (ARFF) Training Facilities"
"","2010-12-13T05:00:00Z","25.1322-1","ANM-100","Flightcrew Alerting"
"","2011-03-29T05:00:00Z","150/5370-17","AAS-100","Airside Use of Heated Pavement Systems"
"1","2011-03-03T05:00:00Z","90-108","AFS-400","Use of suitable Area navigation (RNAV) system on Conventional Routes and Procedures - Change 1"
"2","2011-06-01T05:00:00Z","39-9","AFS-330","Airworthiness Directives Management Process"
"","2011-01-14T05:00:00Z","20-42D","AIR-120","Hand Fire Extinguishers for Use in Aircraft"
"","2013-07-23T05:00:00Z","150/5000-15B","AAS-100","Announcement of Availability of Airport-Related Research and Development Products"
"","2011-09-30T05:00:00Z","150/5300-17C","AAS-100","Standards for Using Remote Sensing Technologies in Airport Surveys (Consolidated to Include Change 1)"
"","2010-08-31T05:00:00Z","21-32B","AIR-200","Control of Products and Parts Shipped Prior to Type Certificate Issuance"
"0","2014-06-20T05:00:00Z","150/5340-26C","AAS-100","Maintenance of Airport Visual Aid Facilities"
"","2012-07-30T05:00:00Z","120-74B","AFS-200","Parts 91, 121, 125, and 135 Flightcrew Procedures During Taxi Operations"
"","2012-06-29T05:00:00Z","150/5220-21C","AAS-100","Aircraft Boarding Equipment"
"","2010-12-09T05:00:00Z","33.91-1","ANE-111","Engine System and Component Tests"
"0","2010-09-29T05:00:00Z","150/5210-13C","AAS-300","Airport Water Rescue Plans and Equipment"
"","2013-04-22T05:00:00Z","90-93B","AJT-0","Operating Procedures for Airport Traffic Control Towers (ATCT) that are not Operated by, or Under Contract with, the United States (Non-Federal)"
"","2011-06-23T05:00:00Z","150/5100-19D","ACO-100","Guide for Airport Financial Reports Filed by Airport Sponsors"
"1","2014-04-07T05:00:00Z","00-63A","AFS-400","Use of Cockpit Displays of Digital Weather and Aeronautical Information - Including Change 1"
"","2012-07-30T05:00:00Z","91-73B","AFS-200","Parts 91 and 135 Single Pilot, Flight School Procedures During Taxi Operations"
"1","2013-11-05T05:00:00Z","120-53B","AFS-100","Guidance for Conducting and Use of Flight Standardization Board Evaluations - With Change 1"
"","2000-02-10T05:00:00Z","91-58A","AFS-820","Uus of Pyrotechnic isual Distress Signaling Devices"
"0","2014-09-24T05:00:00Z","150/5220-20A","AAS-100","Airport Snow and Ice Control Equipment"
"","2014-12-23T05:00:00Z","20-150B","AIR-130","Airworthiness Approval of Satellite Voice (SATVOICE) Equipment Supporting Air Traffic Service (ATS) Communication"
"","2012-03-12T05:00:00Z","25.803-1A","ANM-115","Emergency Evacuation Demonstrations"
"","2018-08-20T05:00:00Z","150/5200-38","AAS-300","Protocol for the Conduct and Review of Wildlife Hazard Site Visits, Wildlife Hazard Assessments, and Wildlife Hazard Management Plans"
"","2011-11-17T05:00:00Z","23-17C","ACE-100","Systems and Equipment Guide for Certification of Part 23 Airplanes and Airships"
"","2013-05-03T05:00:00Z","25.1302-1","ANM-111","Installed Systems and Equipment for Use by the Flightcrew"
"","2011-12-28T05:00:00Z","25.729-1","ANM-110","Transport Airplane Landing Gear Retracting Mechanism"
"","2015-10-01T05:00:00Z","21-43A","AIR-110","Production Under 14 CFR Part 21,Subparts F, G, K, and O"
"","2012-10-11T05:00:00Z","117-2","AFS-220","Fatigue Education and Awareness Training Program"
"","2013-07-12T05:00:00Z","61-139","AFS-800","Institution of Higher Education’s Application for Authority to Certify its Graduates for an Airline Transport Pilot Certificate with Reduced Aeronautical Experience"
"","2015-07-14T05:00:00Z","120-112","AFS-200","Use of Liquid Water Equivalent System to Determine Holdover Times or Check Times for Anti-Icing Fluids"
"","2016-01-04T05:00:00Z","20-77B","AFS-300","Use of Manufacturers’ Maintenance Manuals"
"","2013-12-04T05:00:00Z","105-2E","AFS-800","Sport Parachuting"
"","2010-09-29T05:00:00Z","21-47","AIR-100","Submittal Of Data To An ACO, A DER Or An ODA For A Major Repair Or Major Alteration"
"","2011-11-17T05:00:00Z","23.1309-1E","ACE-100","System Safety Analysis and Assessment for Part 23 Airplanes"
"","2011-02-11T05:00:00Z","90-107","AFS-400","Guidance for Localizer Performance with Vertical Guidance and Localizer Performance without Vertical Guidance Approach Operations in the U.S. National Airspace System"
"1","2018-09-14T05:00:00Z","20-62E","AFS-300","Eligibility, Quality, & Identification of Aeronautical Replacement Parts"
"","2013-04-12T05:00:00Z","43-209A","AFS-300","Recommended Inspection Procedures for Former Military Aircraft"
"","2013-02-08T05:00:00Z","65-32A","AFS-300","Certification of Repairmen (Light-Sport Aircraft)"
"","2013-04-18T05:00:00Z","120-105A","AFS-410","Foreign Terminal Instrument Procedures (FTIP) Acceptance/Review"
"","2013-05-06T05:00:00Z","120-103A","AFS-220","Fatigue Risk Management Systems for Aviation Safety"
"1","2012-09-12T05:00:00Z","120-102A","AFS-300","Incorporation of Electrical Wiring Interconnection Systems Instructions for Continued Airworthiness into an Operator’s Maintenance Program (Including Change 1)"
"","2014-09-23T05:00:00Z","90-116","AFS-800","Additional Pilot Program for Phase I Flight Test"
"","2014-12-12T05:00:00Z","25.415-1","ANM-115","Ground Gust Conditions"
"1","2014-10-27T05:00:00Z","25.1329-1C","ANM-110","Approval of Flight Guidance Systems, Including Change 1"
"","2014-03-21T05:00:00Z","21.303-4","AIR-110","Application for Parts Manufacturer Approval Via Tests and Computations or Identicality"
"0","2013-05-31T05:00:00Z","150/5200-32B","AAS-300","Reporting Wildlife Aircraft Strikes"
"","2010-10-29T05:00:00Z","21-48","AIR-100","Using Electronic Modeling Systems as Primary Type Design Data"
"","2015-05-20T05:00:00Z","20-172B","AIR-130","Airworthiness Approval for ADS-B In Systems and Applications"
"","2015-05-15T05:00:00Z","61-135A","AFS-800","Conversion Process for Pilot Certificates in Accordance with the Implementation Procedures for Licensing as part of the Bilateral Aviation Safety Agreement Between the Federal Aviation Administration and Transport Canada Civil Aviation Authority for Pilot Licensing"
"","2015-01-08T05:00:00Z","120-92B","AFS-900","Safety Management Systems for Aviation Service Providers"
"0","2016-03-02T05:00:00Z","150/5345-46E","AAS-100","Specification for Runway and Taxiway Light Fixtures"
"","2015-10-01T05:00:00Z","45-2E","AIR-100","Identification and Registration Marking"
"1","2016-01-06T05:00:00Z","120-113","AFS-300","Best Practices for Engine Time In Service Interval Extensions - Change 1"
"","2016-10-31T05:00:00Z","150/5100-21","APP-520","State Block Grant Program"
"","2016-03-07T05:00:00Z","90-105A","AFS-400","Approval Guidance for RNP Operations and Barometric Vertical Navigation in the U.S. National Airspace System and in Oceanic and Remote Continental Airspace"
"","2016-09-15T05:00:00Z","125-1A","AFS-200","Operations of Large Airplanes Subject to 14 CFR Part 125"
"","2015-08-04T05:00:00Z","00-66","AIR-130","Selection of Cyclic Redundancy Code and Checksum Algorithms to Ensure Critical Data Integrity"
"0","2009-09-30T05:00:00Z","150/5220-24","AAS-100","Foreign Object Debris Detection Equipment"
"","2017-10-03T05:00:00Z","90-117","AFS-400","Data Link Communications"
"","2017-08-21T05:00:00Z","137-1B","AFS-800","Certification Process for Agricultural Aircraft Operators"
"0","2015-06-12T05:00:00Z","150/5210-17C","AAS-300","Programs for Training of Aircraft Rescue and Firefighting Personnel"
"","2014-06-24T05:00:00Z","90-115","AJR-1","Collaborative Trajectory Options Program  (CTOP)"
"","2017-10-27T05:00:00Z","91.21-1D","AFS-300","Use of Portable Electronic Devices Aboard Aircraft"
"","2015-06-29T05:00:00Z","90-109A","AFS-800","Transition to Unfamiliar Aircraft"
"1","1983-10-28T05:00:00Z","43-12A","AFS-340","Preventive Maintenance"
"","2017-07-21T05:00:00Z","00-69","AIR-100","The title is Best Practices for Airborne Software Development Assurance Using EUROCAE ED-12( ) and RTCA DO-178( )"
"","2017-08-07T05:00:00Z","43-215","AFS-300","Standardized Procedures for Performing Aircraft Magnetic Compass Calibration"
"","2022-09-16T05:00:00Z","20-189","AIR-600","Management of Open Problem Reports (OPRs)"
"","2015-07-07T05:00:00Z","20-18B","ANE-111","Qualification Testing of Turbojet and Turbofan Engine Thrust Reversers"
"","2022-09-16T05:00:00Z","00-71","AIR-600","Best Practices for Management of Open Problem Reports (OPRs)"
"","2016-03-23T05:00:00Z","150/5100-20","APP-400","Guidance on the Extraction of Oil and Gas on Federally Obligated Airports"
"0","2014-09-10T05:00:00Z","150/5320-17A","AAS-100","Airfield Pavement Surface Evaluation and Rating Manuals"
"","2016-09-28T05:00:00Z","20-140C","AIR-130","Guidelines for Design Approval of Aircraft Data Link Communication Systems Supporting Air Traffic Services (ATS)"
"0","2015-09-01T05:00:00Z","150/5210-20A","AAS-300","Ground Vehicle Operations to include Taxiing or Towing an Aircraft on Airports"
"","2015-12-22T05:00:00Z","25-32","ANM-111","Landing Performance Data for Time-of-Arrival Landing Performance Assessments"
"","2016-09-14T05:00:00Z","39-10","AIR-100","Alternative Methods of Compliance"
"1","2013-03-29T05:00:00Z","61-107B","AFS-800","Aircraft Operations at Altitudes Above 25,000 Feet Mean Sea Level or Mach Numbers Greater Than .75/ with Change 1"
"","2014-10-06T05:00:00Z","25.621-1","ANM-115","Casting Factors"
"2","2020-10-29T05:00:00Z","150/5200-30D","AAS-300","Airport Field Condition Assessments and Winter Operations Safety"
"1","2016-07-12T05:00:00Z","21-29D","AIR-600","Detecting and Reporting Suspected Unapproved Parts"
"","2015-10-01T05:00:00Z","21-44A","AIR-100","Issuance of Export Airworthiness Approvals Under 14 CFR Part 21 Subpart L"
"","2016-10-04T05:00:00Z","91-70B","AFS-400","Oceanic and Remote Continental Airspace Operations"
"","2018-06-25T05:00:00Z","61-141","AFS-800","Flight Instructors as Certifying Officials for Student Pilot and Remote Pilot Applicants"
"","2018-05-04T05:00:00Z","25-7D","AIR-600","Flight Test Guide for Certification of Transport Category Airplanes"
"2","2014-03-28T05:00:00Z","20-138D","AIR-130","Airworthiness Approval of Positioning and Navigation Systems (Including Change 2)"
"","2018-07-02T05:00:00Z","120-118","AFS-400","Criteria for Approval/Authorization of all Weather Operations for Takeoff, Landing, and Rollout"
"","2021-03-15T05:00:00Z","91-92","AFS-800","Pilot’s Guide to a Preflight Briefing"
"","2020-10-06T05:00:00Z","135-45","AFS-200","Use of Noncertified Weather Observations in Noncontiguous States"
"","2018-09-24T05:00:00Z","25.954-1","AIR-600","Transport Airplane Fuel System Lightning Protection"
"","2021-08-19T05:00:00Z","450.117-1","AST-1","Trajectory Analysis for Normal Flight"
"","2021-06-24T05:00:00Z","450.115-1A","AST-1","High Fidelity Flight Safety Analysis"
"0","2018-09-24T05:00:00Z","25.981-1D","AIR-600","Fuel Tank Ignition Source Prevention Guidelines"
"","2020-10-08T05:00:00Z","120-26N","AJR-2","Assignment of Aircraft Call Signs and Associated Telephonies"
"","2017-10-27T05:00:00Z","120-76D","AFS-400","Authorization for Use of Electronic Flight Bags"
"1","2017-03-10T05:00:00Z","150/5220-16E","AJW-144","Automated Weather Observing Systems (AWOS) for Non-Federal Applications - with Change 1"
"0","2023-07-10T05:00:00Z","150/5220-9B","AAS-300","Aircraft Arresting Systems on Civil Airports"
"0","2018-10-11T05:00:00Z","20-162B","AIR-600","Airworthiness Approval of Installed Radio Frequency Identification (RFID) Tags and Sensors"
"","2023-05-23T05:00:00Z","135-10C","AFS-300","Approved Aircraft Inspection Program"
"","2021-05-25T05:00:00Z","170-9A","AJW-121","Criteria for Assumption of Ownership of Non-Federal Systems"
"","2022-09-29T05:00:00Z","450.3-1","AST-1","Definition of Launch and Scope of a Vehicle Operator License"
"","2020-04-03T05:00:00Z","70-2B","AJR-2","REPORTING LASER ILLUMINATION OF AIRCRAFT"
"","2020-03-03T05:00:00Z","121-42","AFS-200","Leadership and Command Training for Pilots in Command"
"","2023-06-01T05:00:00Z","120-110A","AFS-200","Aircraft Secondary Barriers and Alternate Flightdeck Security Procedures"
"0","2020-08-25T05:00:00Z","120-57B","AFS-400","Surface Movement Guidance and Control System"
"","2021-01-27T05:00:00Z","20-185A","AIR-600","Airworthiness Approval of Synthetic Vision Systems, Synthetic Vision Guidance Systems and Aircraft State Awareness Synthetic Vision Systems"
"0","2019-07-29T05:00:00Z","150/5345-28H","AAS-100","Precision Approach Path Indicator (PAPI) Systems"
"","2018-12-12T05:00:00Z","43-217","AFS-300","Anticollision Light Maintenance (ACLM)"
"0","2019-12-19T05:00:00Z","150/5210-25A","AAS-100","Performance Specification for Airport Vehicle Runway Incursion Warning Systems (RIWS)"
"","2022-02-03T05:00:00Z","65-34A","AFS-200","FAA-Approved Aircraft Dispatcher Certification Courses"
"","2018-09-21T05:00:00Z","00-1.1B","AFS-800","Public Aircraft Operations—Manned and Unmanned"
"","2023-08-11T05:00:00Z","00-65A","AFS-300","Towbar and Towbarless Movement of Aircraft"
"0","2021-10-12T05:00:00Z","150/5345-39E","AAS-100","Specification for L-853, Runway and Taxiway Retroreflective Markers"
"","2021-08-12T05:00:00Z","450.173-1","AST-1","Part 450 Mishap Plan – Reporting, Response, and Investigation Requirements"
"","2020-11-16T05:00:00Z","70/7460-1M","AJV-P","Obstruction Marking and Lighting"
"","2023-03-22T05:00:00Z","120-108A","AFS-400","Continuous Descent Final Approach"
"0","2022-06-08T05:00:00Z","150/5000-9B","APP-400","Guidelines for Sound Insulation of Structures Exposed to Aircraft Noise"
"","2022-10-20T05:00:00Z","90-48E","AFS-800","Pilots’ Role in Collision Avoidance"
"","2023-06-27T05:00:00Z","25.795-10","AIR-600","Installation of Physical Secondary Barriers for Transport Category Airplanes"
"","2021-04-02T05:00:00Z","00-46F","AFS-200","Aviation Safety Reporting Program"
"","2018-06-25T05:00:00Z","20-190","AIR-600","Aircraft Electromagnetic Compatibility Certification"
"","2023-06-21T05:00:00Z","61-138A","AFS-200","Airline Transport Pilot Certification Training Program"
"","2020-01-27T05:00:00Z","120-48A","AFS-200","Communication and Coordination Between Flightcrew Members and Flight Attendants"
"0","2020-02-21T05:00:00Z","150/5200-33C","AAS-300","Hazardous Wildlife Attractants on or near Airports"
"","2023-04-05T05:00:00Z","150/5300-20","AAS-100","Submission of On-Airport Proposals for Aeronautical Study"
"","2021-12-15T05:00:00Z","150/5345-27F","AAS-100","FAA Specification for Wind Cone Assemblies"
"","2023-06-23T05:00:00Z","33.15-3","AIR-621","Powder Bed Fusion Additive Manufacturing Process for Aircraft Engine Parts"
"0","1994-01-06T05:00:00Z","25-9A","ANM-111","Smoke Detection, Penetration, and Evacuation Tests and Related Flight Manual Emergency Procedures"
"0","2000-07-24T05:00:00Z","121-29B","AFS-200","Carry-On Baggage"
"1","2010-10-28T05:00:00Z","20-170","AIR-120","Integrated Modular Avionics Development. Verification, Integration and Approval using RTCA/DO-297 and Technical Standard Order C153"
"1","2012-05-25T05:00:00Z","120-97A","AFS-300","Incorporation of Fuel Tank System Instructions for Continued Airworthiness into Operator Maintenance or Inspection Programs (Including Change 1)"
"0","2015-10-08T05:00:00Z","150/5345-44K","AAS-100","Specification for Runway and Taxiway Signs"
"1","2015-11-24T05:00:00Z","120-109A","AFS-200","Stall Prevention and Recovery Training with Change 1"
"","2015-12-07T05:00:00Z","20-165B","AIR-130","Airworthiness Approval of Automatic Dependent Surveillance - Broadcast OUT Systems"
"","2015-09-30T05:00:00Z","119-1","AFS-300","Airworthiness and Operational Approval of Aircraft Network Security Program (ANSP)"
"","2016-12-02T05:00:00Z","120-115","AFS-300","Maintainer Fatigue Risk Management"
"","2016-01-11T05:00:00Z","21-25B","AIR-100","Approval of Modified Seating System Initially Approved Under a Technical Standard Order"
"","2017-05-31T05:00:00Z","133-1B","AFS-800","Rotorcraft External-Load Operations"
"","2016-06-28T05:00:00Z","91-88","AFS-800","Electronics News Gathering Operations"
"","2016-08-11T05:00:00Z","135-7B","AFS-300","Part 135: Additional Maintenance Requirements for Aircraft Type Certificated for Nine or Less Passenger Seats"
"","2016-01-07T05:00:00Z","120-96A","AFS-200","Operations Control Center (OCC) for Helicopter Air Ambulance (HAA) Operations"
"","2016-04-19T05:00:00Z","20-153B","AIR-130","Acceptance of Aeronautical Data Processes and Associated Databases"
"","2017-06-09T05:00:00Z","20-164A","AIR-100","Designing and Demonstrating Aircraft Tolerance to Portable Electronic Devices"
"","2016-06-23T05:00:00Z","33.74/92-1B","ANE-111","Turbine Engine Continued Rotation and Rotor Locking"
"0","2013-09-26T05:00:00Z","150/5360-12F","AAS-100","Airport Signing and Graphics"
"","2014-10-07T05:00:00Z","25-30","ANM-115","Fuel Tank Strength in Emergency Landing Conditions"
"","2010-06-28T05:00:00Z","33.7-1","ANE-111","Ratings and Operating Limitations for Turbine Engines (Sections 33.7 and 33.8)"
"0","2010-09-08T05:00:00Z","150/5345-51B","AAS-100","Specification for Discharge-Type Flashing Light Equipment"
"","2016-10-01T05:00:00Z","20-182A","AIR-130","Airworthiness Approval for Aircraft Weather Radar Systems"
"","2017-01-17T05:00:00Z","150/5345-49D","AAS-100","Specification L-854, Radio Control Equipment"
"","2016-07-21T05:00:00Z","20-186","AFS-300","Airworthiness Operational Approval of Cockpit Voice Recorder Systems"
"1","1973-02-14T05:00:00Z","00-33A","AFS-300","Nickel-Cadmium Battery Operational, Maintenance, and Overhaul Practices"
"1","2014-01-22T05:00:00Z","136-2","AFS-300","Recommended Aircraft Maintenance Practices for Commercial Air Tour Operators - Change 1 Included"
"0","2019-07-08T05:00:00Z","150/5300-16B","AAS-100","General Guidance and Specifications for Aeronautical Surveys: Establishment of Geodetic Control and Submission to the National Geodetic Survey"
"","2016-03-11T05:00:00Z","21.101-1B","AIR-100","Establishing the Certification Basis of Changed Aeronautical Products"
"","2017-09-29T05:00:00Z","121-37A","AXH-1","Voluntary Disclosure Reporting Program - Hazardous Materials"
"","2014-09-23T05:00:00Z","33-11","ANE-111","Oxidation, Hot Corrosion, Thermal Fatigue, and Erosion Characteristics Testing to Support 14 CFR, Part 33, § 33.15, Compliancefor Turbine Engines"
"","2017-06-20T05:00:00Z","150/5000-17","APP-400","Critical Aircraft and Regular Use Determination"
"0","2018-08-08T05:00:00Z","99-1E","AJR-2","Emergency Security Control of Air Traffic (ESCAT)"
"0","2018-10-11T05:00:00Z","35-1A","AIR-600","Certification of Propellers"
"","2017-07-21T05:00:00Z","20-115D","AIR-134","Airborne Software Development Assurance Using EUROCAE ED-12( ) and RTCA DO-178( )"
"","2020-01-13T05:00:00Z","120-91A","AFS-400","Airport Obstacle Analysis"
"","2019-12-06T05:00:00Z","150/5100-13C","AAS-100","Development of State Aviation Standards for Airport Pavement Construction"
"0","2019-01-24T05:00:00Z","150/5200-36B","AAS-300","Qualifications for Wildlife Biologist Conducting Wildlife Hazard Assessments and Training Curriculums for Airport Personnel Involved in Controlling Wildlife Hazards on Airports"
"","2014-05-23T05:00:00Z","33.28-3","ANE-111","Guidance Material For 14 CFR §33.28, Engine Control Systems"
"0","2018-02-12T05:00:00Z","150/5340-30J","AAS-100","Design and Installation Details for Airport Visual Aids"
"","2018-12-19T05:00:00Z","00-70","AFS-200","Flightcrew Member Certificate Verification Plan"
"","2019-11-01T05:00:00Z","43.9-1G","AFS-300","Instructions for Completion of FAA Form 337"
"0","2020-03-17T05:00:00Z","150/5300-14D","AAS-100","Design of Aircraft Deicing Facilities"
"0","2018-10-11T05:00:00Z","20-144A","AIR-600","FAA Approval of Electrical Firing Cartridge Components in an Aircraft Fire Extinguishing or Suppression System"
"","2022-07-08T05:00:00Z","43-218","AFS-300","Operational Authorization of Integrated Aircraft Health Management System"
"","2020-12-22T05:00:00Z","89-1","AIR-600","Means of Compliance Process for Remote Identification of Unmanned Aircraft"
"","2020-12-22T05:00:00Z","89-2","AIR-600","Declaration of Compliance Process for Remote Identification of Unmanned Aircraft"
"","2018-09-12T05:00:00Z","61-136B","AFS-800","FAA Approval of Aviation Training Devices and Their Use for Training and Experience"
"1","2019-12-30T05:00:00Z","90-114B","AFS-400","Automatic Dependent Surveillance-Broadcast Operations with Change 1"
"","2022-10-19T05:00:00Z","89-3","AFS-400","FAA-Recognized Identification Areas"
"","2022-09-29T05:00:00Z","450.167-1","AST-1","Tracking for Launch and Reentry Safety Analysis"
"","2023-04-17T05:00:00Z","33.70-3","AIR-624","Damage Tolerance for Material Anomalies in Titanium Life-Limited Turbine Engine Rotors"
"0","2019-03-05T05:00:00Z","121-24D","AFS-200","Passenger Safety Information Briefing and Briefing Cards"
"","2021-06-28T05:00:00Z","120-68J","AFS-600","Pilot Records Database and Pilot Records Improvement Act"
"0","2019-10-28T05:00:00Z","150/5050-4A","APP-400","Community Involvement in Airport Planning"
"","2016-10-01T05:00:00Z","00-68","AIR-150","Aircraft Certification Service Voluntary Disclosure Reporting Program"
"","2023-03-16T05:00:00Z","120-80B","AFS-200","Firefighting of General and High-Energy In-Flight Fires"
"","2023-05-23T05:00:00Z","65-30B","AFS-300","Overview of the Aviation Maintenance Profession"
"","2016-09-28T05:00:00Z","20-160A","AIR-130","Onboard Recording of Controller Pilot Data Link Communication (CPDLC) In Crash Survivable Memory"
"0","2022-09-27T05:00:00Z","150/5200-18D","AAS-300","Airport Safety Self-Inspection"
"","2018-07-05T05:00:00Z","120-49A","AFS-200","Parts 121 and 135 Certification"
"","2020-02-25T05:00:00Z","61-142","AFS-800","Sharing Aircraft Operating Expenses in Accordance with 14 CFR § 61.113 (c)"
"","2022-10-20T05:00:00Z","91-57C","AFS-800","Exception for Limited Recreational Operations of Unmanned Aircraft"
"","2022-09-27T05:00:00Z","450.110-1","AST-1","Physical Containment as a Hazard Control Strategy"
"","2023-06-06T05:00:00Z","90-66C","AFS-800","Non-Towered Airport Flight Operations"
"","2023-08-10T05:00:00Z","450.31-1","AST-1","Applying for FAA Determination on Policy or Payload Reviews"
"","2023-02-14T05:00:00Z","90-89C","AFS-300","Amateur-Built Aircraft and Ultralight Flight Testing Handbook"
"","2016-08-01T05:00:00Z","21-55","AIR-100","Process to Support FAA Findings of Undue Burden or No Undue Burden for PAHs Requesting to Use a Manufacturing Facility Located Outside of the United States"
"","2013-07-16T05:00:00Z","20-155A","AIR-130","Industry Documents To Support Aircraft Lightning Protection Certification"
"","2013-06-25T05:00:00Z","33-2C","ANE-111","General Type Certification Guidelines for Turbine Engines"
"0","2014-10-10T05:00:00Z","150/5380-7B","AAS-100","Airport Pavement Management Program (PMP)"
"","2017-10-06T05:00:00Z","145-9A","AFS-300","Guide for Developing and Evaluating Repair Station and Quality Control Manuals"
"","2014-12-15T05:00:00Z","20-183","AIR-130","Laser Airworthiness Installation Guidance"
"","2014-02-10T05:00:00Z","90-23G","AFS-400","Aircraft Wake Turbulence"
"","2012-03-02T05:00:00Z","39-7D","AFS-300","Airworthiness Directives"
"","2016-08-31T05:00:00Z","61-140A","AFS-800","Autorotation Training"
"0","2019-03-11T05:00:00Z","150/5345-43J","AAS-100","Specification for Obstruction Lighting Equipment"
